MISCELLANEOUS,0,0,Baseline,2025-07-24 01:14:55.000
LCK_M_SCH_S,0,0,Baseline,2025-07-24 01:14:55.000
LCK_M_SCH_M,7,8,Baseline,2025-07-24 01:14:55.000
LCK_M_S,7,694,Baseline,2025-07-24 01:14:55.000
LCK_M_U,0,0,Baseline,2025-07-24 01:14:55.000
LCK_M_X,1,1,Baseline,2025-07-24 01:14:55.000
LCK_M_IS,0,0,Baseline,2025-07-24 01:14:55.000
LCK_M_IU,0,0,Baseline,2025-07-24 01:14:55.000
LCK_M_IX,0,0,Baseline,2025-07-24 01:14:55.000
LCK_M_SIU,0,0,Baseline,2025-07-24 01:14:55.000
LCK_M_SIX,0,0,Baseline,2025-07-24 01:14:55.000
LCK_M_UIX,0,0,Baseline,2025-07-24 01:14:55.000
LCK_M_BU,0,0,Baseline,2025-07-24 01:14:55.000
LCK_M_RS_S,0,0,Baseline,2025-07-24 01:14:55.000
LCK_M_RS_U,0,0,Baseline,2025-07-24 01:14:55.000
LCK_M_RIn_NL,0,0,Baseline,2025-07-24 01:14:55.000
LCK_M_RIn_S,0,0,Baseline,2025-07-24 01:14:55.000
LCK_M_RIn_U,0,0,Baseline,2025-07-24 01:14:55.000
LCK_M_RIn_X,0,0,Baseline,2025-07-24 01:14:55.000
LCK_M_RX_S,0,0,Baseline,2025-07-24 01:14:55.000
LCK_M_RX_U,0,0,Baseline,2025-07-24 01:14:55.000
LCK_M_RX_X,0,0,Baseline,2025-07-24 01:14:55.000
LATCH_NL,0,0,Baseline,2025-07-24 01:14:55.000
LATCH_KP,0,0,Baseline,2025-07-24 01:14:55.000
LATCH_SH,15,64,Baseline,2025-07-24 01:14:55.000
LATCH_UP,0,0,Baseline,2025-07-24 01:14:55.000
LATCH_EX,198,216,Baseline,2025-07-24 01:14:55.000
LATCH_DT,0,0,Baseline,2025-07-24 01:14:55.000
PWAIT_LATCH_ONLY,0,0,Baseline,2025-07-24 01:14:55.000
PAGELATCH_NL,0,0,Baseline,2025-07-24 01:14:55.000
PAGELATCH_KP,0,0,Baseline,2025-07-24 01:14:55.000
PAGELATCH_SH,2492,30,Baseline,2025-07-24 01:14:55.000
PAGELATCH_UP,3,12,Baseline,2025-07-24 01:14:55.000
PAGELATCH_EX,135,8,Baseline,2025-07-24 01:14:55.000
PAGELATCH_DT,0,0,Baseline,2025-07-24 01:14:55.000
PAGEIOLATCH_NL,0,0,Baseline,2025-07-24 01:14:55.000
PAGEIOLATCH_KP,0,0,Baseline,2025-07-24 01:14:55.000
PAGEIOLATCH_SH,189606,92944,Baseline,2025-07-24 01:14:55.000
PAGEIOLATCH_UP,153,12,Baseline,2025-07-24 01:14:55.000
PAGEIOLATCH_EX,5325,944,Baseline,2025-07-24 01:14:55.000
PAGEIOLATCH_DT,0,0,Baseline,2025-07-24 01:14:55.000
TRAN_MARKLATCH_NL,0,0,Baseline,2025-07-24 01:14:55.000
TRAN_MARKLATCH_KP,0,0,Baseline,2025-07-24 01:14:55.000
TRAN_MARKLATCH_SH,0,0,Baseline,2025-07-24 01:14:55.000
TRAN_MARKLATCH_UP,0,0,Baseline,2025-07-24 01:14:55.000
TRAN_MARKLATCH_EX,0,0,Baseline,2025-07-24 01:14:55.000
TRAN_MARKLATCH_DT,0,0,Baseline,2025-07-24 01:14:55.000
THREADPOOL,17156,268182,Baseline,2025-07-24 01:14:55.000
SOS_SCHEDULER_YIELD,137199,17422,Baseline,2025-07-24 01:14:55.000
SOS_VIRTUALMEMORY_LOW,0,0,Baseline,2025-07-24 01:14:55.000
SOS_MEMORY_TOPLEVELBLOCKALLOCATOR,0,0,Baseline,2025-07-24 01:14:55.000
SOS_PHYS_PAGE_CACHE,0,0,Baseline,2025-07-24 01:14:55.000
CMEMTHREAD,2034,393,Baseline,2025-07-24 01:14:55.000
CMEMPARTITIONED,0,0,Baseline,2025-07-24 01:14:55.000
SOSHOST_INTERNAL,0,0,Baseline,2025-07-24 01:14:55.000
SOSHOST_SLEEP,0,0,Baseline,2025-07-24 01:14:55.000
SOSHOST_WAITFORDONE,0,0,Baseline,2025-07-24 01:14:55.000
SOSHOST_MUTEX,0,0,Baseline,2025-07-24 01:14:55.000
SOSHOST_EVENT,0,0,Baseline,2025-07-24 01:14:55.000
SOSHOST_SEMAPHORE,0,0,Baseline,2025-07-24 01:14:55.000
SOSHOST_RWLOCK,0,0,Baseline,2025-07-24 01:14:55.000
SOSHOST_TRACELOCK,0,0,Baseline,2025-07-24 01:14:55.000
SERVER_IDLE_CHECK,0,0,Baseline,2025-07-24 01:14:55.000
SOS_PROCESS_AFFINITY_MUTEX,0,0,Baseline,2025-07-24 01:14:55.000
SOS_STACKSTORE_INIT_MUTEX,0,0,Baseline,2025-07-24 01:14:55.000
SOS_SYNC_TASK_ENQUEUE_EVENT,2,0,Baseline,2025-07-24 01:14:55.000
SOS_OBJECT_STORE_DESTROY_MUTEX,0,0,Baseline,2025-07-24 01:14:55.000
INTERNAL_TESTING,0,0,Baseline,2025-07-24 01:14:55.000
DUMPTRIGGER,0,0,Baseline,2025-07-24 01:14:55.000
TIMEPRIV_TIMEPERIOD,0,0,Baseline,2025-07-24 01:14:55.000
SOS_DISPATCHER_MUTEX,9,0,Baseline,2025-07-24 01:14:55.000
XE_DISPATCHER_JOIN,0,0,Baseline,2025-07-24 01:14:55.000
RG_RECONFIG,0,0,Baseline,2025-07-24 01:14:55.000
RESMGR_THROTTLED,0,0,Baseline,2025-07-24 01:14:55.000
SOS_MEMORY_USAGE_ADJUSTMENT,0,0,Baseline,2025-07-24 01:14:55.000
PREEMPTIVE_SOSHOST,0,0,Baseline,2025-07-24 01:14:55.000
PREEMPTIVE_SOSTESTING,0,0,Baseline,2025-07-24 01:14:55.000
PREEMPTIVE_STRESSDRIVER,0,0,Baseline,2025-07-24 01:14:55.000
PREEMPTIVE_PAGEHEAP,0,0,Baseline,2025-07-24 01:14:55.000
SOS_SMALL_PAGE_ALLOC,0,0,Baseline,2025-07-24 01:14:55.000
DISPATCHER_PRIORITY_QUEUE_SEMAPHORE,0,0,Baseline,2025-07-24 01:14:55.000
RESOURCE_GOVERNOR_IDLE,0,0,Baseline,2025-07-24 01:14:55.000
LOG_RATE_GOVERNOR,0,0,Baseline,2025-07-24 01:14:55.000
POOL_LOG_RATE_GOVERNOR,0,0,Baseline,2025-07-24 01:14:55.000
SLEEP_MEMORYPOOL_ALLOCATEPAGES,9,0,Baseline,2025-07-24 01:14:55.000
SLEEP_WORKSPACE_ALLOCATEPAGE,0,0,Baseline,2025-07-24 01:14:55.000
SLEEP_RETRY_VIRTUALALLOC,0,0,Baseline,2025-07-24 01:14:55.000
MEMORY_ALLOCATION_EXT,3766604,368956,Baseline,2025-07-24 01:14:55.000
WAIT_SLEEP_LOWMEM_GUARD,0,0,Baseline,2025-07-24 01:14:55.000
RESERVED_MEMORY_ALLOCATION_EXT,42436,611,Baseline,2025-07-24 01:14:55.000
IO_QUEUE_LIMIT,0,0,Baseline,2025-07-24 01:14:55.000
SESSION_WAIT_STATS_CHILDREN,138,254,Baseline,2025-07-24 01:14:55.000
PREEMPTIVE_XE_DISPATCHER,1,0,Baseline,2025-07-24 01:14:55.000
XE_BUFFERMGR_ALLPROCESSED_EVENT,247,289,Baseline,2025-07-24 01:14:55.000
XE_BUFFERMGR_FREEBUF_EVENT,0,0,Baseline,2025-07-24 01:14:55.000
PREEMPTIVE_XE_CALLBACKEXECUTE,41147066,131110,Baseline,2025-07-24 01:14:55.000
XE_SESSION_CREATE_SYNC,0,0,Baseline,2025-07-24 01:14:55.000
PREEMPTIVE_XE_GETTARGETSTATE,1394,20079,Baseline,2025-07-24 01:14:55.000
PREEMPTIVE_XE_ENGINEINIT,0,0,Baseline,2025-07-24 01:14:55.000
XE_CALLBACK_LIST,0,0,Baseline,2025-07-24 01:14:55.000
XE_OLS_LOCK,0,0,Baseline,2025-07-24 01:14:55.000
PREEMPTIVE_XE_PROXY_ADDSESSION,0,0,Baseline,2025-07-24 01:14:55.000
PREEMPTIVE_XE_PROXY_REMOVESESSION,0,0,Baseline,2025-07-24 01:14:55.000
PREEMPTIVE_XE_PROXY_PROCESSBUFFER,0,0,Baseline,2025-07-24 01:14:55.000
XE_MODULEMGR_SYNC,0,0,Baseline,2025-07-24 01:14:55.000
XE_SERVICES_MUTEX,0,0,Baseline,2025-07-24 01:14:55.000
XE_SERVICES_RWLOCK,0,0,Baseline,2025-07-24 01:14:55.000
XE_SERVICES_EVENTMANUAL,0,0,Baseline,2025-07-24 01:14:55.000
XE_SESSION_SYNC,0,0,Baseline,2025-07-24 01:14:55.000
XE_SESSION_FLUSH,0,0,Baseline,2025-07-24 01:14:55.000
PREEMPTIVE_XE_SESSIONCOMMIT,80,558,Baseline,2025-07-24 01:14:55.000
PREEMPTIVE_XE_TARGETINIT,32,32,Baseline,2025-07-24 01:14:55.000
PREEMPTIVE_XE_TARGETFINALIZE,28,95,Baseline,2025-07-24 01:14:55.000
XE_STM_CREATE,0,0,Baseline,2025-07-24 01:14:55.000
XE_TIMER_MUTEX,0,0,Baseline,2025-07-24 01:14:55.000
XE_TIMER_TASK_DONE,0,0,Baseline,2025-07-24 01:14:55.000
PREEMPTIVE_XE_TIMERRUN,1,0,Baseline,2025-07-24 01:14:55.000
PWAIT_PREEMPTIVE_XE_STUB_LISTENER,0,0,Baseline,2025-07-24 01:14:55.000
XE_DISPATCHER_WAIT,841,46325111,Baseline,2025-07-24 01:14:55.000
XE_DISPATCHER_CONFIG_SESSION_LIST,0,0,Baseline,2025-07-24 01:14:55.000
XE_STUBMGR_CLOSE,0,0,Baseline,2025-07-24 01:14:55.000
SOS_WORK_DISPATCHER,190294898,1001282058,Baseline,2025-07-24 01:14:55.000
SOS_WORKER_MIGRATION,0,0,Baseline,2025-07-24 01:14:55.000
PREEMPTIVE_FILE_MAPPING,4,0,Baseline,2025-07-24 01:14:55.000
DISPATCHER_JOIN,0,0,Baseline,2025-07-24 01:14:55.000
WMI_REGISTRATION,0,0,Baseline,2025-07-24 01:14:55.000
CMEMDETOUR,0,0,Baseline,2025-07-24 01:14:55.000
SOS_RG_MEM_TARGET_LOCK,0,0,Baseline,2025-07-24 01:14:55.000
SQLPAL_PREEMPTIVE_WAIT,0,0,Baseline,2025-07-24 01:14:55.000
SPINLOCK_EXT,0,0,Baseline,2025-07-24 01:14:55.000
IO_COMPLETION,1252,444,Baseline,2025-07-24 01:14:55.000
ASYNC_IO_COMPLETION,9,397,Baseline,2025-07-24 01:14:55.000
ASYNC_NETWORK_IO,23163,8267,Baseline,2025-07-24 01:14:55.000
PREFAULT_IO_COMPLETION,0,0,Baseline,2025-07-24 01:14:55.000
SLEEP_BPOOL_FLUSH,83,660,Baseline,2025-07-24 01:14:55.000
SLEEP_BPOOL_STEAL,12621,198988,Baseline,2025-07-24 01:14:55.000
CHKPT,1,617,Baseline,2025-07-24 01:14:55.000
SLEEP_DBSTARTUP,2,196,Baseline,2025-07-24 01:14:55.000
SLEEP_MASTERMDREADY,1,24,Baseline,2025-07-24 01:14:55.000
SLEEP_MASTERUPGRADED,1,118,Baseline,2025-07-24 01:14:55.000
SLEEP_MASTERDBREADY,1,141,Baseline,2025-07-24 01:14:55.000
SLEEP_TEMPDBSTARTUP,0,0,Baseline,2025-07-24 01:14:55.000
SLEEP_SAFEMODE,0,0,Baseline,2025-07-24 01:14:55.000
LOCK_SAFEMODE,0,0,Baseline,2025-07-24 01:14:55.000
LOCK_UPDATE,0,0,Baseline,2025-07-24 01:14:55.000
SLEEP_DCOMSTARTUP,1,153,Baseline,2025-07-24 01:14:55.000
RESOURCE_SEMAPHORE,31,2396214,Baseline,2025-07-24 01:14:55.000
DTC,0,0,Baseline,2025-07-24 01:14:55.000
OLEDB,170282,25608,Baseline,2025-07-24 01:14:55.000
PLPGSQL,0,0,Baseline,2025-07-24 01:14:55.000
FAILPOINT,0,0,Baseline,2025-07-24 01:14:55.000
ASYNC_DISKPOOL_LOCK,0,0,Baseline,2025-07-24 01:14:55.000
DEBUG,0,0,Baseline,2025-07-24 01:14:55.000
REPLICA_WRITES,0,0,Baseline,2025-07-24 01:14:55.000
BROKER_RECEIVE_WAITFOR,0,0,Baseline,2025-07-24 01:14:55.000
DBMIRRORING_CMD,0,0,Baseline,2025-07-24 01:14:55.000
WAIT_FOR_RESULTS,0,0,Baseline,2025-07-24 01:14:55.000
SOS_CALLBACK_REMOVAL,0,0,Baseline,2025-07-24 01:14:55.000
ONDEMAND_TASK_QUEUE,40671809,45460232,Baseline,2025-07-24 01:14:55.000
PARALLEL_BACKUP_QUEUE,2,9,Baseline,2025-07-24 01:14:55.000
FABRIC_ENDPOINT_SYNC_EVENT,0,0,Baseline,2025-07-24 01:14:55.000
SEEDING_COMPLETED_MUTEX,0,0,Baseline,2025-07-24 01:14:55.000
DUMP_LOG_COORDINATOR_QUEUE,0,0,Baseline,2025-07-24 01:14:55.000
LOWFAIL_MEMMGR_QUEUE,0,0,Baseline,2025-07-24 01:14:55.000
BACKUP,0,0,Baseline,2025-07-24 01:14:55.000
BACKUPBUFFER,0,0,Baseline,2025-07-24 01:14:55.000
BACKUPIO,925,2777,Baseline,2025-07-24 01:14:55.000
BACKUPTHREAD,168,4750,Baseline,2025-07-24 01:14:55.000
DBMIRROR_DBM_MUTEX,0,0,Baseline,2025-07-24 01:14:55.000
DBMIRROR_DBM_EVENT,0,0,Baseline,2025-07-24 01:14:55.000
DBMIRROR_SEND,0,0,Baseline,2025-07-24 01:14:55.000
DBMIRROR_EVENTS_QUEUE,0,0,Baseline,2025-07-24 01:14:55.000
DBMIRROR_WORKER_QUEUE,0,0,Baseline,2025-07-24 01:14:55.000
HTTP_START,0,0,Baseline,2025-07-24 01:14:55.000
HTTP_ENUMERATION,0,0,Baseline,2025-07-24 01:14:55.000
SOAP_READ,0,0,Baseline,2025-07-24 01:14:55.000
SOAP_WRITE,0,0,Baseline,2025-07-24 01:14:55.000
DUMP_LOG_COORDINATOR,0,0,Baseline,2025-07-24 01:14:55.000
DISKIO_SUSPEND,0,0,Baseline,2025-07-24 01:14:55.000
IMPPROV_IOWAIT,0,0,Baseline,2025-07-24 01:14:55.000
DEADLOCK_TASK_SEARCH,0,0,Baseline,2025-07-24 01:14:55.000
REPL_SCHEMA_ACCESS,0,0,Baseline,2025-07-24 01:14:55.000
REPL_MEM_ACCESS,0,0,Baseline,2025-07-24 01:14:55.000
REPL_TIMER_ACCESS,0,0,Baseline,2025-07-24 01:14:55.000
REPL_CACHE_ACCESS,0,0,Baseline,2025-07-24 01:14:55.000
KSOURCE_WAKEUP,1,0,Baseline,2025-07-24 01:14:55.000
SQLSORT_SORTMUTEX,0,0,Baseline,2025-07-24 01:14:55.000
SQLSORT_NORMMUTEX,0,0,Baseline,2025-07-24 01:14:55.000
SQLTRACE_WAIT_ENTRIES,0,0,Baseline,2025-07-24 01:14:55.000
SQLTRACE_FILE_BUFFER,0,0,Baseline,2025-07-24 01:14:55.000
SQLTRACE_INCREMENTAL_FLUSH_SLEEP,11561,46338674,Baseline,2025-07-24 01:14:55.000
SQLTRACE_SHUTDOWN,0,0,Baseline,2025-07-24 01:14:55.000
QUERY_TRACEOUT,0,0,Baseline,2025-07-24 01:14:55.000
DTC_STATE,0,0,Baseline,2025-07-24 01:14:55.000
DTC_INFO_DMV,0,0,Baseline,2025-07-24 01:14:55.000
BROKER_TRANSMITTER,2,0,Baseline,2025-07-24 01:14:55.000
BROKER_SERVICE,0,0,Baseline,2025-07-24 01:14:55.000
BROKER_SHUTDOWN,0,0,Baseline,2025-07-24 01:14:55.000
BROKER_MASTERSTART,1,0,Baseline,2025-07-24 01:14:55.000
BROKER_REGISTERALLENDPOINTS,0,0,Baseline,2025-07-24 01:14:55.000
BROKER_EVENTHANDLER,15,38379433,Baseline,2025-07-24 01:14:55.000
FCB_REPLICA_WRITE,0,0,Baseline,2025-07-24 01:14:55.000
FCB_REPLICA_READ,34,4,Baseline,2025-07-24 01:14:55.000
WRITELOG,567,288,Baseline,2025-07-24 01:14:55.000
EXCHANGE,0,0,Baseline,2025-07-24 01:14:55.000
EC,0,0,Baseline,2025-07-24 01:14:55.000
TEMPOBJ,0,0,Baseline,2025-07-24 01:14:55.000
XACTLOCKINFO,0,0,Baseline,2025-07-24 01:14:55.000
LOGMGR,0,0,Baseline,2025-07-24 01:14:55.000
CXPACKET,3745,8552,Baseline,2025-07-24 01:14:55.000
CXSYNC_CONSUMER,126,192,Baseline,2025-07-24 01:14:55.000
CXSYNC_PORT,402,20505,Baseline,2025-07-24 01:14:55.000
CXCONSUMER,3271,32956,Baseline,2025-07-24 01:14:55.000
HTREPARTITION,0,0,Baseline,2025-07-24 01:14:55.000
HTBUILD,0,0,Baseline,2025-07-24 01:14:55.000
HTMEMO,0,0,Baseline,2025-07-24 01:14:55.000
HTDELETE,0,0,Baseline,2025-07-24 01:14:55.000
HTREINIT,0,0,Baseline,2025-07-24 01:14:55.000
BMPREPARTITION,0,0,Baseline,2025-07-24 01:14:55.000
BMPALLOCATION,0,0,Baseline,2025-07-24 01:14:55.000
BMPREPLICATION,0,0,Baseline,2025-07-24 01:14:55.000
BMPBUILD,0,0,Baseline,2025-07-24 01:14:55.000
SHUTDOWN,0,0,Baseline,2025-07-24 01:14:55.000
EXECSYNC,15,4,Baseline,2025-07-24 01:14:55.000
DTCPNTSYNC,0,0,Baseline,2025-07-24 01:14:55.000
MSQL_XP,159,403,Baseline,2025-07-24 01:14:55.000
MSQL_DQ,0,0,Baseline,2025-07-24 01:14:55.000
LOGBUFFER,1,0,Baseline,2025-07-24 01:14:55.000
TRANSACTION_MUTEX,0,0,Baseline,2025-07-24 01:14:55.000
SLEEP_MSDBSTARTUP,0,0,Baseline,2025-07-24 01:14:55.000
MSSEARCH,0,0,Baseline,2025-07-24 01:14:55.000
XACTWORKSPACE_MUTEX,0,0,Baseline,2025-07-24 01:14:55.000
TRACEWRITE,0,0,Baseline,2025-07-24 01:14:55.000
WAITSTAT_MUTEX,0,0,Baseline,2025-07-24 01:14:55.000
WAITFOR_TASKSHUTDOWN,0,0,Baseline,2025-07-24 01:14:55.000
GUARDIAN,0,0,Baseline,2025-07-24 01:14:55.000
CLR_TASK_START,0,0,Baseline,2025-07-24 01:14:55.000
CLR_JOIN,0,0,Baseline,2025-07-24 01:14:55.000
CLR_CRST,2405,92,Baseline,2025-07-24 01:14:55.000
CLR_MONITOR,0,0,Baseline,2025-07-24 01:14:55.000
CLR_RWLOCK_READER,0,0,Baseline,2025-07-24 01:14:55.000
CLR_RWLOCK_WRITER,0,0,Baseline,2025-07-24 01:14:55.000
SQLCLR_QUANTUM_PUNISHMENT,0,0,Baseline,2025-07-24 01:14:55.000
SQLCLR_APPDOMAIN,0,0,Baseline,2025-07-24 01:14:55.000
SQLCLR_ASSEMBLY,0,0,Baseline,2025-07-24 01:14:55.000
KTM_ENLISTMENT,0,0,Baseline,2025-07-24 01:14:55.000
KTM_RECOVERY_RESOLUTION,0,0,Baseline,2025-07-24 01:14:55.000
KTM_RECOVERY_MANAGER,0,0,Baseline,2025-07-24 01:14:55.000
SQLCLR_DEADLOCK_DETECTION,0,0,Baseline,2025-07-24 01:14:55.000
QPJOB_WAITFOR_ABORT,0,0,Baseline,2025-07-24 01:14:55.000
QPJOB_KILL,0,0,Baseline,2025-07-24 01:14:55.000
BAD_PAGE_PROCESS,0,0,Baseline,2025-07-24 01:14:55.000
BACKUP_OPERATOR,0,0,Baseline,2025-07-24 01:14:55.000
PRINT_ROLLBACK_PROGRESS,2,6013,Baseline,2025-07-24 01:14:55.000
ENABLE_VERSIONING,0,0,Baseline,2025-07-24 01:14:55.000
DISABLE_VERSIONING,0,0,Baseline,2025-07-24 01:14:55.000
REQUEST_DISPENSER_PAUSE,0,0,Baseline,2025-07-24 01:14:55.000
DROPTEMP,0,0,Baseline,2025-07-24 01:14:55.000
FT_RESTART_CRAWL,0,0,Baseline,2025-07-24 01:14:55.000
LOGMGR_RESERVE_APPEND,0,0,Baseline,2025-07-24 01:14:55.000
LOGMGR_FLUSH,220,297,Baseline,2025-07-24 01:14:55.000
XACT_OWN_TRANSACTION,0,0,Baseline,2025-07-24 01:14:55.000
XACT_RECLAIM_SESSION,0,0,Baseline,2025-07-24 01:14:55.000
DTC_WAITFOR_OUTCOME,0,0,Baseline,2025-07-24 01:14:55.000
DTC_RESOLVE,0,0,Baseline,2025-07-24 01:14:55.000
CL_RESOLVE_WAIT_FOR_UPGRADE,0,0,Baseline,2025-07-24 01:14:55.000
SEC_DROP_TEMP_KEY,0,0,Baseline,2025-07-24 01:14:55.000
SRVPROC_SHUTDOWN,0,0,Baseline,2025-07-24 01:14:55.000
BROKER_INIT,0,0,Baseline,2025-07-24 01:14:55.000
BROKER_CONNECTION_RECEIVE_TASK,0,0,Baseline,2025-07-24 01:14:55.000
NET_WAITFOR_PACKET,0,0,Baseline,2025-07-24 01:14:55.000
DTC_ABORT_REQUEST,0,0,Baseline,2025-07-24 01:14:55.000
DTC_TMDOWN_REQUEST,0,0,Baseline,2025-07-24 01:14:55.000
RECOVER_CHANGEDB,0,0,Baseline,2025-07-24 01:14:55.000
WORKTBL_DROP,0,0,Baseline,2025-07-24 01:14:55.000
SNI_WRITE_ASYNC,0,0,Baseline,2025-07-24 01:14:55.000
SNI_HTTP_WAITFOR_0_DISCON,0,0,Baseline,2025-07-24 01:14:55.000
UTIL_PAGE_ALLOC,0,0,Baseline,2025-07-24 01:14:55.000
DEADLOCK_ENUM_MUTEX,0,0,Baseline,2025-07-24 01:14:55.000
VIEW_DEFINITION_MUTEX,0,0,Baseline,2025-07-24 01:14:55.000
QUERY_NOTIFICATION_MGR_MUTEX,0,0,Baseline,2025-07-24 01:14:55.000
QUERY_NOTIFICATION_TABLE_MGR_MUTEX,0,0,Baseline,2025-07-24 01:14:55.000
QUERY_NOTIFICATION_SUBSCRIPTION_MUTEX,0,0,Baseline,2025-07-24 01:14:55.000
QUERY_NOTIFICATION_UNITTEST_MUTEX,0,0,Baseline,2025-07-24 01:14:55.000
RESOURCE_SEMAPHORE_MUTEX,2,7,Baseline,2025-07-24 01:14:55.000
IO_AUDIT_MUTEX,0,0,Baseline,2025-07-24 01:14:55.000
BUILTIN_HASHKEY_MUTEX,0,0,Baseline,2025-07-24 01:14:55.000
MSQL_XACT_MGR_MUTEX,0,0,Baseline,2025-07-24 01:14:55.000
MSQL_XACT_MUTEX,0,0,Baseline,2025-07-24 01:14:55.000
QRY_MEM_GRANT_INFO_MUTEX,0,0,Baseline,2025-07-24 01:14:55.000
SNI_CRITICAL_SECTION,0,0,Baseline,2025-07-24 01:14:55.000
EE_PMOLOCK,0,0,Baseline,2025-07-24 01:14:55.000
QUERY_OPTIMIZER_PRINT_MUTEX,0,0,Baseline,2025-07-24 01:14:55.000
DLL_LOADING_MUTEX,0,0,Baseline,2025-07-24 01:14:55.000
RESOURCE_SEMAPHORE_QUERY_COMPILE,10,2041,Baseline,2025-07-24 01:14:55.000
BROKER_ENDPOINT_STATE_MUTEX,0,0,Baseline,2025-07-24 01:14:55.000
QUERY_EXECUTION_INDEX_SORT_EVENT_OPEN,0,0,Baseline,2025-07-24 01:14:55.000
ERROR_REPORTING_MANAGER,0,0,Baseline,2025-07-24 01:14:55.000
EE_SPECPROC_MAP_INIT,0,0,Baseline,2025-07-24 01:14:55.000
FULLTEXT GATHERER,0,0,Baseline,2025-07-24 01:14:55.000
SEQUENTIAL_GUID,0,0,Baseline,2025-07-24 01:14:55.000
BROKER_PRIORITIZED_TASK_STOP,0,0,Baseline,2025-07-24 01:14:55.000
BROKER_TASK_SHUTDOWN,0,0,Baseline,2025-07-24 01:14:55.000
BROKER_TASK_SUBMIT,0,0,Baseline,2025-07-24 01:14:55.000
SNI_TASK_COMPLETION,1,0,Baseline,2025-07-24 01:14:55.000
SNI_LISTENER_ACCESS,0,0,Baseline,2025-07-24 01:14:55.000
EXECUTION_PIPE_EVENT_INTERNAL,0,0,Baseline,2025-07-24 01:14:55.000
CLR_MEMORY_SPY,0,0,Baseline,2025-07-24 01:14:55.000
CLRHOST_STATE_ACCESS,0,0,Baseline,2025-07-24 01:14:55.000
DAC_INIT,1,5,Baseline,2025-07-24 01:14:55.000
ASSEMBLY_LOAD,0,0,Baseline,2025-07-24 01:14:55.000
VIA_ACCEPT,0,0,Baseline,2025-07-24 01:14:55.000
CHECK_PRINT_RECORD,0,0,Baseline,2025-07-24 01:14:55.000
SCAN_CHAR_HASH_ARRAY_INITIALIZATION,0,0,Baseline,2025-07-24 01:14:55.000
FS_GARBAGE_COLLECTOR_SHUTDOWN,0,0,Baseline,2025-07-24 01:14:55.000
FSAGENT,0,0,Baseline,2025-07-24 01:14:55.000
FILESTREAM_WORKITEM_QUEUE,0,0,Baseline,2025-07-24 01:14:55.000
FILESTREAM_FILE_OBJECT,0,0,Baseline,2025-07-24 01:14:55.000
FILESTREAM_FCB,0,0,Baseline,2025-07-24 01:14:55.000
FILESTREAM_CACHE,0,0,Baseline,2025-07-24 01:14:55.000
ABR,0,0,Baseline,2025-07-24 01:14:55.000
WCC,0,0,Baseline,2025-07-24 01:14:55.000
NODE_CACHE_MUTEX,0,0,Baseline,2025-07-24 01:14:55.000
SECURITY_MUTEX,0,0,Baseline,2025-07-24 01:14:55.000
FS_HEADER_RWLOCK,0,0,Baseline,2025-07-24 01:14:55.000
FS_LOGTRUNC_RWLOCK,0,0,Baseline,2025-07-24 01:14:55.000
FS_FC_RWLOCK,0,0,Baseline,2025-07-24 01:14:55.000
FSTR_CONFIG_RWLOCK,0,0,Baseline,2025-07-24 01:14:55.000
FSTR_CONFIG_MUTEX,0,0,Baseline,2025-07-24 01:14:55.000
FSA_FORCE_OWN_XACT,0,0,Baseline,2025-07-24 01:14:55.000
COMMIT_TABLE,0,0,Baseline,2025-07-24 01:14:55.000
CXROWSET_SYNC,0,0,Baseline,2025-07-24 01:14:55.000
PREEMPTIVE_OS_GENERICOPS,0,0,Baseline,2025-07-24 01:14:55.000
PREEMPTIVE_OS_AUTHENTICATIONOPS,1305,1126,Baseline,2025-07-24 01:14:55.000
PREEMPTIVE_OS_ACCEPTSECURITYCONTEXT,0,0,Baseline,2025-07-24 01:14:55.000
PREEMPTIVE_OS_ACQUIRECREDENTIALSHANDLE,0,0,Baseline,2025-07-24 01:14:55.000
PREEMPTIVE_OS_COMPLETEAUTHTOKEN,0,0,Baseline,2025-07-24 01:14:55.000
PREEMPTIVE_OS_DECRYPTMESSAGE,0,0,Baseline,2025-07-24 01:14:55.000
PREEMPTIVE_OS_DELETESECURITYCONTEXT,193,526,Baseline,2025-07-24 01:14:55.000
PREEMPTIVE_OS_ENCRYPTMESSAGE,0,0,Baseline,2025-07-24 01:14:55.000
PREEMPTIVE_OS_FREECREDENTIALSHANDLE,0,0,Baseline,2025-07-24 01:14:55.000
PREEMPTIVE_OS_INITIALIZESECURITYCONTEXT,0,0,Baseline,2025-07-24 01:14:55.000
PREEMPTIVE_OS_LOGONUSER,0,0,Baseline,2025-07-24 01:14:55.000
PREEMPTIVE_OS_QUERYSECURITYCONTEXTTOKEN,0,0,Baseline,2025-07-24 01:14:55.000
PREEMPTIVE_OS_QUERYCONTEXTATTRIBUTES,198,15,Baseline,2025-07-24 01:14:55.000
PREEMPTIVE_OS_VERIFYSIGNATURE,0,0,Baseline,2025-07-24 01:14:55.000
PREEMPTIVE_OS_AUTHORIZATIONOPS,332,35,Baseline,2025-07-24 01:14:55.000
PREEMPTIVE_OS_AUTHZGETINFORMATIONFROMCONTEXT,0,0,Baseline,2025-07-24 01:14:55.000
PREEMPTIVE_OS_AUTHZINITIALIZECONTEXTFROMSID,0,0,Baseline,2025-07-24 01:14:55.000
PREEMPTIVE_OS_AUTHZINITIALIZERESOURCEMANAGER,0,0,Baseline,2025-07-24 01:14:55.000
PREEMPTIVE_OS_LOOKUPACCOUNTSID,193,446,Baseline,2025-07-24 01:14:55.000
PREEMPTIVE_OS_REVERTTOSELF,256,16,Baseline,2025-07-24 01:14:55.000
PREEMPTIVE_OS_SETNAMEDSECURITYINFO,0,0,Baseline,2025-07-24 01:14:55.000
PREEMPTIVE_OS_CLUSTEROPS,0,0,Baseline,2025-07-24 01:14:55.000
PREEMPTIVE_CLUSAPI_CLUSTERRESOURCECONTROL,0,0,Baseline,2025-07-24 01:14:55.000
PREEMPTIVE_OS_COMOPS,0,0,Baseline,2025-07-24 01:14:55.000
PREEMPTIVE_COM_COCREATEINSTANCE,0,0,Baseline,2025-07-24 01:14:55.000
PREEMPTIVE_COM_COGETCLASSOBJECT,0,0,Baseline,2025-07-24 01:14:55.000
PREEMPTIVE_COM_CREATEACCESSOR,0,0,Baseline,2025-07-24 01:14:55.000
PREEMPTIVE_COM_DELETEROWS,0,0,Baseline,2025-07-24 01:14:55.000
PREEMPTIVE_COM_GETCOMMANDTEXT,0,0,Baseline,2025-07-24 01:14:55.000
PREEMPTIVE_COM_GETDATA,0,0,Baseline,2025-07-24 01:14:55.000
PREEMPTIVE_COM_GETNEXTROWS,0,0,Baseline,2025-07-24 01:14:55.000
PREEMPTIVE_COM_GETRESULT,0,0,Baseline,2025-07-24 01:14:55.000
PREEMPTIVE_COM_GETROWSBYBOOKMARK,0,0,Baseline,2025-07-24 01:14:55.000
PREEMPTIVE_COM_LBFLUSH,0,0,Baseline,2025-07-24 01:14:55.000
PREEMPTIVE_COM_LBLOCKREGION,0,0,Baseline,2025-07-24 01:14:55.000
PREEMPTIVE_COM_LBREADAT,0,0,Baseline,2025-07-24 01:14:55.000
PREEMPTIVE_COM_LBSETSIZE,0,0,Baseline,2025-07-24 01:14:55.000
PREEMPTIVE_COM_LBSTAT,0,0,Baseline,2025-07-24 01:14:55.000
PREEMPTIVE_COM_LBUNLOCKREGION,0,0,Baseline,2025-07-24 01:14:55.000
PREEMPTIVE_COM_LBWRITEAT,0,0,Baseline,2025-07-24 01:14:55.000
PREEMPTIVE_COM_QUERYINTERFACE,0,0,Baseline,2025-07-24 01:14:55.000
PREEMPTIVE_COM_RELEASE,0,0,Baseline,2025-07-24 01:14:55.000
PREEMPTIVE_COM_RELEASEACCESSOR,0,0,Baseline,2025-07-24 01:14:55.000
PREEMPTIVE_COM_RELEASEROWS,0,0,Baseline,2025-07-24 01:14:55.000
PREEMPTIVE_COM_RELEASESESSION,0,0,Baseline,2025-07-24 01:14:55.000
PREEMPTIVE_COM_RESTARTPOSITION,0,0,Baseline,2025-07-24 01:14:55.000
PREEMPTIVE_COM_SEQSTRMREAD,0,0,Baseline,2025-07-24 01:14:55.000
PREEMPTIVE_COM_SEQSTRMREADANDWRITE,0,0,Baseline,2025-07-24 01:14:55.000
PREEMPTIVE_COM_SETDATAFAILURE,0,0,Baseline,2025-07-24 01:14:55.000
PREEMPTIVE_COM_SETPARAMETERINFO,0,0,Baseline,2025-07-24 01:14:55.000
PREEMPTIVE_COM_SETPARAMETERPROPERTIES,0,0,Baseline,2025-07-24 01:14:55.000
PREEMPTIVE_COM_STRMLOCKREGION,0,0,Baseline,2025-07-24 01:14:55.000
PREEMPTIVE_COM_STRMSEEKANDREAD,0,0,Baseline,2025-07-24 01:14:55.000
PREEMPTIVE_COM_STRMSEEKANDWRITE,0,0,Baseline,2025-07-24 01:14:55.000
PREEMPTIVE_COM_STRMSETSIZE,0,0,Baseline,2025-07-24 01:14:55.000
PREEMPTIVE_COM_STRMSTAT,0,0,Baseline,2025-07-24 01:14:55.000
PREEMPTIVE_COM_STRMUNLOCKREGION,0,0,Baseline,2025-07-24 01:14:55.000
PREEMPTIVE_OS_CRYPTOPS,16,907,Baseline,2025-07-24 01:14:55.000
PREEMPTIVE_OS_CRYPTACQUIRECONTEXT,61,74,Baseline,2025-07-24 01:14:55.000
PREEMPTIVE_OS_CRYPTIMPORTKEY,0,0,Baseline,2025-07-24 01:14:55.000
PREEMPTIVE_OS_DEVICEOPS,0,0,Baseline,2025-07-24 01:14:55.000
PREEMPTIVE_OS_RSFXDEVICEOPS,0,0,Baseline,2025-07-24 01:14:55.000
PREEMPTIVE_OS_DIRSVC_NETWORKOPS,0,0,Baseline,2025-07-24 01:14:55.000
PREEMPTIVE_OS_DSGETDCNAME,0,0,Baseline,2025-07-24 01:14:55.000
PREEMPTIVE_OS_NETGROUPGETUSERS,0,0,Baseline,2025-07-24 01:14:55.000
PREEMPTIVE_OS_NETLOCALGROUPGETMEMBERS,0,0,Baseline,2025-07-24 01:14:55.000
PREEMPTIVE_OS_NETUSERGETGROUPS,0,0,Baseline,2025-07-24 01:14:55.000
PREEMPTIVE_OS_NETUSERGETLOCALGROUPS,0,0,Baseline,2025-07-24 01:14:55.000
PREEMPTIVE_OS_NETUSERMODALSGET,0,0,Baseline,2025-07-24 01:14:55.000
PREEMPTIVE_OS_NETVALIDATEPASSWORDPOLICY,0,0,Baseline,2025-07-24 01:14:55.000
PREEMPTIVE_OS_NETVALIDATEPASSWORDPOLICYFREE,0,0,Baseline,2025-07-24 01:14:55.000
PREEMPTIVE_OS_DOMAINSERVICESOPS,1,0,Baseline,2025-07-24 01:14:55.000
PREEMPTIVE_OS_DTCOPS,0,0,Baseline,2025-07-24 01:14:55.000
PREEMPTIVE_DTC_ABORT,0,0,Baseline,2025-07-24 01:14:55.000
PREEMPTIVE_DTC_ABORTREQUESTDONE,0,0,Baseline,2025-07-24 01:14:55.000
PREEMPTIVE_DTC_BEGINTRANSACTION,0,0,Baseline,2025-07-24 01:14:55.000
PREEMPTIVE_DTC_COMMITREQUESTDONE,0,0,Baseline,2025-07-24 01:14:55.000
PREEMPTIVE_DTC_ENLIST,0,0,Baseline,2025-07-24 01:14:55.000
PREEMPTIVE_DTC_PREPAREREQUESTDONE,0,0,Baseline,2025-07-24 01:14:55.000
PREEMPTIVE_OS_FILEOPS,1697,2097,Baseline,2025-07-24 01:14:55.000
PREEMPTIVE_OS_CLOSEHANDLE,93,27,Baseline,2025-07-24 01:14:55.000
PREEMPTIVE_OS_COPYFILE,0,0,Baseline,2025-07-24 01:14:55.000
PREEMPTIVE_OS_CREATEDIRECTORY,0,0,Baseline,2025-07-24 01:14:55.000
PREEMPTIVE_OS_CREATEFILE,254,869,Baseline,2025-07-24 01:14:55.000
PREEMPTIVE_OS_DELETEFILE,12,9,Baseline,2025-07-24 01:14:55.000
PREEMPTIVE_OS_DEVICEIOCONTROL,16,5,Baseline,2025-07-24 01:14:55.000
PREEMPTIVE_OS_FINDFILE,2,0,Baseline,2025-07-24 01:14:55.000
PREEMPTIVE_FILESIZEGET,86,6,Baseline,2025-07-24 01:14:55.000
PREEMPTIVE_OS_FLUSHFILEBUFFERS,64,376,Baseline,2025-07-24 01:14:55.000
PREEMPTIVE_OS_GETCOMPRESSEDFILESIZE,0,0,Baseline,2025-07-24 01:14:55.000
PREEMPTIVE_OS_GETDISKFREESPACE,25,18,Baseline,2025-07-24 01:14:55.000
PREEMPTIVE_OS_GETFILEATTRIBUTES,264,78,Baseline,2025-07-24 01:14:55.000
PREEMPTIVE_OS_GETFILESIZE,0,0,Baseline,2025-07-24 01:14:55.000
PREEMPTIVE_OS_GETLONGPATHNAME,0,0,Baseline,2025-07-24 01:14:55.000
PREEMPTIVE_OS_GETVOLUMEPATHNAME,6,20,Baseline,2025-07-24 01:14:55.000
PREEMPTIVE_OS_GETVOLUMENAMEFORVOLUMEMOUNTPOINT,30,23,Baseline,2025-07-24 01:14:55.000
PREEMPTIVE_OS_MOVEFILE,0,0,Baseline,2025-07-24 01:14:55.000
PREEMPTIVE_OS_OPENDIRECTORY,0,0,Baseline,2025-07-24 01:14:55.000
PREEMPTIVE_OS_REMOVEDIRECTORY,0,0,Baseline,2025-07-24 01:14:55.000
PREEMPTIVE_OS_SETENDOFFILE,0,0,Baseline,2025-07-24 01:14:55.000
PREEMPTIVE_OS_SETFILEPOINTER,0,0,Baseline,2025-07-24 01:14:55.000
PREEMPTIVE_OS_SETFILEVALIDDATA,22,12,Baseline,2025-07-24 01:14:55.000
PREEMPTIVE_OS_WRITEFILE,1678,583,Baseline,2025-07-24 01:14:55.000
PREEMPTIVE_OS_WRITEFILEGATHER,15,1786,Baseline,2025-07-24 01:14:55.000
PREEMPTIVE_OS_LIBRARYOPS,1,0,Baseline,2025-07-24 01:14:55.000
PREEMPTIVE_OS_FREELIBRARY,0,0,Baseline,2025-07-24 01:14:55.000
PREEMPTIVE_OS_GETPROCADDRESS,159,8,Baseline,2025-07-24 01:14:55.000
PREEMPTIVE_OS_LOADLIBRARY,3,163,Baseline,2025-07-24 01:14:55.000
PREEMPTIVE_OS_MESSAGEQUEUEOPS,0,0,Baseline,2025-07-24 01:14:55.000
PREEMPTIVE_ODBCOPS,0,0,Baseline,2025-07-24 01:14:55.000
PREEMPTIVE_HTTP_REQUEST,0,0,Baseline,2025-07-24 01:14:55.000
PREEMPTIVE_HTTP_EVENT_WAIT,0,0,Baseline,2025-07-24 01:14:55.000
PREEMPTIVE_OLEDBOPS,101,20,Baseline,2025-07-24 01:14:55.000
PREEMPTIVE_OLEDB_ABORTTRAN,0,0,Baseline,2025-07-24 01:14:55.000
PREEMPTIVE_OLEDB_ABORTORCOMMITTRAN,0,0,Baseline,2025-07-24 01:14:55.000
PREEMPTIVE_OLEDB_GETDATASOURCE,0,0,Baseline,2025-07-24 01:14:55.000
PREEMPTIVE_OLEDB_GETLITERALINFO,0,0,Baseline,2025-07-24 01:14:55.000
PREEMPTIVE_OLEDB_GETPROPERTIES,0,0,Baseline,2025-07-24 01:14:55.000
PREEMPTIVE_OLEDB_GETPROPERTYINFO,0,0,Baseline,2025-07-24 01:14:55.000
PREEMPTIVE_OLEDB_GETSCHEMALOCK,0,0,Baseline,2025-07-24 01:14:55.000
PREEMPTIVE_OLEDB_JOINTRANSACTION,0,0,Baseline,2025-07-24 01:14:55.000
PREEMPTIVE_OLEDB_RELEASE,0,0,Baseline,2025-07-24 01:14:55.000
PREEMPTIVE_OLEDB_SETPROPERTIES,0,0,Baseline,2025-07-24 01:14:55.000
PREEMPTIVE_OS_PIPEOPS,0,0,Baseline,2025-07-24 01:14:55.000
PREEMPTIVE_OS_DISCONNECTNAMEDPIPE,193,23,Baseline,2025-07-24 01:14:55.000
PREEMPTIVE_OS_PROCESSOPS,0,0,Baseline,2025-07-24 01:14:55.000
PREEMPTIVE_OS_SECURITYOPS,0,0,Baseline,2025-07-24 01:14:55.000
PREEMPTIVE_OS_SERVICEOPS,0,0,Baseline,2025-07-24 01:14:55.000
PREEMPTIVE_OS_SQLCLROPS,0,0,Baseline,2025-07-24 01:14:55.000
PREEMPTIVE_OS_WINSOCKOPS,0,0,Baseline,2025-07-24 01:14:55.000
PREEMPTIVE_OS_GETADDRINFO,0,0,Baseline,2025-07-24 01:14:55.000
PREEMPTIVE_OS_WSASETLASTERROR,0,0,Baseline,2025-07-24 01:14:55.000
PREEMPTIVE_OS_FORMATMESSAGE,0,0,Baseline,2025-07-24 01:14:55.000
PREEMPTIVE_OS_REPORTEVENT,182,629,Baseline,2025-07-24 01:14:55.000
PREEMPTIVE_OS_BACKUPREAD,0,0,Baseline,2025-07-24 01:14:55.000
PREEMPTIVE_OS_WAITFORSINGLEOBJECT,0,0,Baseline,2025-07-24 01:14:55.000
PREEMPTIVE_OS_QUERYREGISTRY,82999,13383,Baseline,2025-07-24 01:14:55.000
PREEMPTIVE_CLOSEBACKUPMEDIA,0,0,Baseline,2025-07-24 01:14:55.000
PREEMPTIVE_CLOSEBACKUPTAPE,0,0,Baseline,2025-07-24 01:14:55.000
PREEMPTIVE_CLOSEBACKUPVDIDEVICE,0,0,Baseline,2025-07-24 01:14:55.000
PREEMPTIVE_OS_VSSOPS,0,0,Baseline,2025-07-24 01:14:55.000
PREEMPTIVE_VSS_CREATESNAPSHOT,0,0,Baseline,2025-07-24 01:14:55.000
PREEMPTIVE_VSS_CREATEVOLUMESNAPSHOT,0,0,Baseline,2025-07-24 01:14:55.000
PREEMPTIVE_DFSADDLINK,0,0,Baseline,2025-07-24 01:14:55.000
PREEMPTIVE_DFSLINKEXISTCHECK,0,0,Baseline,2025-07-24 01:14:55.000
PREEMPTIVE_DFSLINKHEALTHCHECK,0,0,Baseline,2025-07-24 01:14:55.000
PREEMPTIVE_DFSREMOVELINK,0,0,Baseline,2025-07-24 01:14:55.000
PREEMPTIVE_DFSREMOVEROOT,0,0,Baseline,2025-07-24 01:14:55.000
PREEMPTIVE_DFSROOTFOLDERCHECK,0,0,Baseline,2025-07-24 01:14:55.000
PREEMPTIVE_DFSROOTINIT,0,0,Baseline,2025-07-24 01:14:55.000
PREEMPTIVE_DFSROOTSHARECHECK,0,0,Baseline,2025-07-24 01:14:55.000
PREEMPTIVE_OLE_UNINIT,0,0,Baseline,2025-07-24 01:14:55.000
PREEMPTIVE_FSAOLEDB_ABORTTRANSACTION,0,0,Baseline,2025-07-24 01:14:55.000
PREEMPTIVE_FSAOLEDB_COMMITTRANSACTION,0,0,Baseline,2025-07-24 01:14:55.000
PREEMPTIVE_FSAOLEDB_STARTTRANSACTION,0,0,Baseline,2025-07-24 01:14:55.000
PREEMPTIVE_FSRECOVER_UNCONDITIONALUNDO,0,0,Baseline,2025-07-24 01:14:55.000
PREEMPTIVE_SERVER_STARTUP,0,0,Baseline,2025-07-24 01:14:55.000
PREEMPTIVE_SHAREDMEM_GETDATA,0,0,Baseline,2025-07-24 01:14:55.000
PREEMPTIVE_CONSOLEWRITE,0,0,Baseline,2025-07-24 01:14:55.000
PREEMPTIVE_TESTING,0,0,Baseline,2025-07-24 01:14:55.000
PREEMPTIVE_XETESTING,0,0,Baseline,2025-07-24 01:14:55.000
PREEMPTIVE_SB_STOPENDPOINT,1,0,Baseline,2025-07-24 01:14:55.000
PREEMPTIVE_STARTRM,0,0,Baseline,2025-07-24 01:14:55.000
PREEMPTIVE_GETRMINFO,0,0,Baseline,2025-07-24 01:14:55.000
PREEMPTIVE_SETRMINFO,0,0,Baseline,2025-07-24 01:14:55.000
PREEMPTIVE_ROLLFORWARDREDO,0,0,Baseline,2025-07-24 01:14:55.000
PREEMPTIVE_ROLLFORWARDUNDO,0,0,Baseline,2025-07-24 01:14:55.000
PREEMPTIVE_RESIZELOG,0,0,Baseline,2025-07-24 01:14:55.000
PREEMPTIVE_REENLIST,0,0,Baseline,2025-07-24 01:14:55.000
PREEMPTIVE_TRANSIMPORT,0,0,Baseline,2025-07-24 01:14:55.000
PREEMPTIVE_UNMARSHALPROPAGATIONTOKEN,0,0,Baseline,2025-07-24 01:14:55.000
PREEMPTIVE_CREATEPARAM,0,0,Baseline,2025-07-24 01:14:55.000
PREEMPTIVE_STREAMFCB_RECOVER,0,0,Baseline,2025-07-24 01:14:55.000
PREEMPTIVE_STREAMFCB_CHECKPOINT,0,0,Baseline,2025-07-24 01:14:55.000
PREEMPTIVE_SNIOPEN,0,0,Baseline,2025-07-24 01:14:55.000
PREEMPTIVE_DEBUG,0,0,Baseline,2025-07-24 01:14:55.000
PREEMPTIVE_MSS_RELEASE,0,0,Baseline,2025-07-24 01:14:55.000
PREEMPTIVE_LOCKMONITOR,1,0,Baseline,2025-07-24 01:14:55.000
CLEAR_DB,0,0,Baseline,2025-07-24 01:14:55.000
PREEMPTIVE_ABR,0,0,Baseline,2025-07-24 01:14:55.000
LOGGENERATION,0,0,Baseline,2025-07-24 01:14:55.000
IO_RETRY,0,0,Baseline,2025-07-24 01:14:55.000
WRITE_COMPLETION,180,28,Baseline,2025-07-24 01:14:55.000
AUDIT_XE_SESSION_MGR,0,0,Baseline,2025-07-24 01:14:55.000
PWAIT_AUDIT_CLOSE_EXPIRED_LOGS_MGR_RWLOCK,0,0,Baseline,2025-07-24 01:14:55.000
AUDIT_ON_DEMAND_TARGET_LOCK,0,0,Baseline,2025-07-24 01:14:55.000
PWAIT_AUDIT_SESSIONS_LOCK,0,0,Baseline,2025-07-24 01:14:55.000
PWAIT_AUDIT_SESSIONS_WAIT_TO_EXEC_LOCK,0,0,Baseline,2025-07-24 01:14:55.000
PWAIT_AUDIT_SESSIONS_WAIT_TO_REFRESH_LOCK,0,0,Baseline,2025-07-24 01:14:55.000
PWAIT_AUTO_START_AUDIT_SESSIONS,0,0,Baseline,2025-07-24 01:14:55.000
PWAIT_PREEMPTIVE_AUDIT_ACCESS_WINDOWSLOG,0,0,Baseline,2025-07-24 01:14:55.000
AUDIT_LOGINCACHE_LOCK,0,0,Baseline,2025-07-24 01:14:55.000
AUDIT_GROUPCACHE_LOCK,0,0,Baseline,2025-07-24 01:14:55.000
FT_METADATA_MUTEX,0,0,Baseline,2025-07-24 01:14:55.000
FT_IFTSHC_MUTEX,0,0,Baseline,2025-07-24 01:14:55.000
FT_IFTSISM_MUTEX,0,0,Baseline,2025-07-24 01:14:55.000
FT_IFTS_RWLOCK,0,0,Baseline,2025-07-24 01:14:55.000
FT_COMPROWSET_RWLOCK,0,0,Baseline,2025-07-24 01:14:55.000
FT_MASTER_MERGE,0,0,Baseline,2025-07-24 01:14:55.000
TRACE_EVTNOTIF,0,0,Baseline,2025-07-24 01:14:55.000
MD_LAZYCACHE_RWLOCK,0,0,Baseline,2025-07-24 01:14:55.000
MD_AGENT_YIELD,0,0,Baseline,2025-07-24 01:14:55.000
IOAFF_RANGE_QUEUE,0,0,Baseline,2025-07-24 01:14:55.000
REPL_HISTORYCACHE_ACCESS,0,0,Baseline,2025-07-24 01:14:55.000
REPL_TRANHASHTABLE_ACCESS,0,0,Baseline,2025-07-24 01:14:55.000
REPL_TRANTEXTINFO_ACCESS,0,0,Baseline,2025-07-24 01:14:55.000
REPL_TRANFSINFO_ACCESS,0,0,Baseline,2025-07-24 01:14:55.000
SERVER_RECONFIGURE,0,0,Baseline,2025-07-24 01:14:55.000
CHANGE_TRACKING_WAITFORCHANGES,0,0,Baseline,2025-07-24 01:14:55.000
PWAIT_MD_RELATION_CACHE,0,0,Baseline,2025-07-24 01:14:55.000
PWAIT_MD_SERVER_CACHE,0,0,Baseline,2025-07-24 01:14:55.000
PWAIT_MD_LOGIN_STATS,0,0,Baseline,2025-07-24 01:14:55.000
FT_PROPERTYLIST_CACHE,0,0,Baseline,2025-07-24 01:14:55.000
PERFORMANCE_COUNTERS_RWLOCK,1,0,Baseline,2025-07-24 01:14:55.000
XIO_CREDENTIAL_RWLOCK,0,0,Baseline,2025-07-24 01:14:55.000
XIO_CREDENTIAL_MGR_RWLOCK,0,0,Baseline,2025-07-24 01:14:55.000
XIO_EDS_RWLOCK,0,0,Baseline,2025-07-24 01:14:55.000
XIO_EDS_MGR_RWLOCK,0,0,Baseline,2025-07-24 01:14:55.000
XIO_LEASE_RENEW_MGR_RWLOCK,0,0,Baseline,2025-07-24 01:14:55.000
PWAIT_XIO_REQUEST_IN_PROGRESS_LOCK,0,0,Baseline,2025-07-24 01:14:55.000
XIO_IOSTATS_BLOBLIST_RWLOCK,0,0,Baseline,2025-07-24 01:14:55.000
XIO_IOSTATS_FCBLIST_RWLOCK,0,0,Baseline,2025-07-24 01:14:55.000
SECURITY_KEYRING_RWLOCK,0,0,Baseline,2025-07-24 01:14:55.000
SQLTRACE_FILE_WRITE_IO_COMPLETION,0,0,Baseline,2025-07-24 01:14:55.000
SQLTRACE_FILE_READ_IO_COMPLETION,0,0,Baseline,2025-07-24 01:14:55.000
SQLTRACE_PENDING_BUFFER_WRITERS,0,0,Baseline,2025-07-24 01:14:55.000
PREEMPTIVE_OS_PDH_WMI_INIT,0,0,Baseline,2025-07-24 01:14:55.000
BROKER_TRANSMISSION_WORK,0,0,Baseline,2025-07-24 01:14:55.000
BROKER_TRANSMISSION_OBJECT,0,0,Baseline,2025-07-24 01:14:55.000
BROKER_TRANSMISSION_TABLE,0,0,Baseline,2025-07-24 01:14:55.000
BROKER_DISPATCHER,0,0,Baseline,2025-07-24 01:14:55.000
BROKER_FORWARDER,0,0,Baseline,2025-07-24 01:14:55.000
UCS_MANAGER,0,0,Baseline,2025-07-24 01:14:55.000
UCS_TRANSPORT,0,0,Baseline,2025-07-24 01:14:55.000
UCS_MEMORY_NOTIFICATION,0,0,Baseline,2025-07-24 01:14:55.000
UCS_ENDPOINT_CHANGE,0,0,Baseline,2025-07-24 01:14:55.000
UCS_TRANSPORT_STREAM_CHANGE,0,0,Baseline,2025-07-24 01:14:55.000
QUERY_TASK_ENQUEUE_MUTEX,0,0,Baseline,2025-07-24 01:14:55.000
SP_PREEMPTIVE_SERVER_DIAGNOSTICS_SLEEP,0,0,Baseline,2025-07-24 01:14:55.000
SP_SERVER_DIAGNOSTICS_INIT_MUTEX,0,0,Baseline,2025-07-24 01:14:55.000
DBCC_SCALE_OUT_EXPR_CACHE,0,0,Baseline,2025-07-24 01:14:55.000
GDMA_GET_RESOURCE_OWNER,0,0,Baseline,2025-07-24 01:14:55.000
PWAIT_ALL_COMPONENTS_INITIALIZED,3,2210,Baseline,2025-07-24 01:14:55.000
XE_LIVE_TARGET_TVF,0,0,Baseline,2025-07-24 01:14:55.000
PREEMPTIVE_SP_SERVER_DIAGNOSTICS,1,0,Baseline,2025-07-24 01:14:55.000
SP_SERVER_DIAGNOSTICS_SLEEP,1116,46199546,Baseline,2025-07-24 01:14:55.000
AM_INDBUILD_ALLOCATION,0,0,Baseline,2025-07-24 01:14:55.000
STARTUP_DEPENDENCY_MANAGER,0,0,Baseline,2025-07-24 01:14:55.000
XDES_HISTORY,0,0,Baseline,2025-07-24 01:14:55.000
XDES_SNAPSHOT,0,0,Baseline,2025-07-24 01:14:55.000
FT_MASTER_MERGE_COORDINATOR,0,0,Baseline,2025-07-24 01:14:55.000
PWAIT_RESOURCE_SEMAPHORE_FT_PARALLEL_QUERY_SYNC,0,0,Baseline,2025-07-24 01:14:55.000
REDO_THREAD_PENDING_WORK,0,0,Baseline,2025-07-24 01:14:55.000
REDO_THREAD_SYNC,0,0,Baseline,2025-07-24 01:14:55.000
COUNTRECOVERYMGR,0,0,Baseline,2025-07-24 01:14:55.000
HADR_DB_COMMAND,0,0,Baseline,2025-07-24 01:14:55.000
HADR_TRANSPORT_SESSION,0,0,Baseline,2025-07-24 01:14:55.000
HADR_CLUSAPI_CALL,0,0,Baseline,2025-07-24 01:14:55.000
PWAIT_HADR_CHANGE_NOTIFIER_TERMINATION_SYNC,0,0,Baseline,2025-07-24 01:14:55.000
PWAIT_HADR_ACTION_COMPLETED,0,0,Baseline,2025-07-24 01:14:55.000
PWAIT_HADR_OFFLINE_COMPLETED,0,0,Baseline,2025-07-24 01:14:55.000
PWAIT_HADR_ONLINE_COMPLETED,0,0,Baseline,2025-07-24 01:14:55.000
PWAIT_HADR_FAILOVER_COMPLETED,0,0,Baseline,2025-07-24 01:14:55.000
PWAIT_HADR_WORKITEM_COMPLETED,0,0,Baseline,2025-07-24 01:14:55.000
HADR_WORK_POOL,0,0,Baseline,2025-07-24 01:14:55.000
HADR_WORK_QUEUE,0,0,Baseline,2025-07-24 01:14:55.000
HADR_LOGCAPTURE_SYNC,0,0,Baseline,2025-07-24 01:14:55.000
PWAIT_HADR_CLUSTER_INTEGRATION,0,0,Baseline,2025-07-24 01:14:55.000
LOGCAPTURE_LOGPOOLTRUNCPOINT,0,0,Baseline,2025-07-24 01:14:55.000
LOGPOOL_CACHESIZE,0,0,Baseline,2025-07-24 01:14:55.000
LOGPOOL_FREEPOOLS,0,0,Baseline,2025-07-24 01:14:55.000
LOGPOOL_REPLACEMENTSET,0,0,Baseline,2025-07-24 01:14:55.000
LOGPOOL_CONSUMERSET,0,0,Baseline,2025-07-24 01:14:55.000
LOGPOOL_MGRSET,0,0,Baseline,2025-07-24 01:14:55.000
LOGPOOL_CONSUMER,0,0,Baseline,2025-07-24 01:14:55.000
LOGPOOL_CONSUMER_DELETABLE,0,0,Baseline,2025-07-24 01:14:55.000
LOGPOOLREFCOUNTEDOBJECT_REFDONE,0,0,Baseline,2025-07-24 01:14:55.000
HADR_SYNC_COMMIT,0,0,Baseline,2025-07-24 01:14:55.000
HADR_AG_MUTEX,0,0,Baseline,2025-07-24 01:14:55.000
PWAIT_HADR_SERVER_READY_CONNECTIONS,0,0,Baseline,2025-07-24 01:14:55.000
HADR_FILESTREAM_MANAGER,0,0,Baseline,2025-07-24 01:14:55.000
HADR_FILESTREAM_BLOCK_FLUSH,0,0,Baseline,2025-07-24 01:14:55.000
HADR_FILESTREAM_IOMGR,0,0,Baseline,2025-07-24 01:14:55.000
HADR_FILESTREAM_IOMGR_IOCOMPLETION,91416,46339675,Baseline,2025-07-24 01:14:55.000
HADR_FILESTREAM_PREPROC,0,0,Baseline,2025-07-24 01:14:55.000
UCS_SESSION_REGISTRATION,0,0,Baseline,2025-07-24 01:14:55.000
ENABLE_EMPTY_VERSIONING,0,0,Baseline,2025-07-24 01:14:55.000
HADR_DB_OP_START_SYNC,0,0,Baseline,2025-07-24 01:14:55.000
HADR_DB_OP_COMPLETION_SYNC,0,0,Baseline,2025-07-24 01:14:55.000
HADR_LOGPROGRESS_SYNC,0,0,Baseline,2025-07-24 01:14:55.000
HADR_TRANSPORT_DBRLIST,0,0,Baseline,2025-07-24 01:14:55.000
HADR_CONNECTIVITY_INFO,0,0,Baseline,2025-07-24 01:14:55.000
XDESTSVERMGR,0,0,Baseline,2025-07-24 01:14:55.000
GHOSTCLEANUPSYNCMGR,0,0,Baseline,2025-07-24 01:14:55.000
HADR_AR_UNLOAD_COMPLETED,0,0,Baseline,2025-07-24 01:14:55.000
HADR_PARTNER_SYNC,0,0,Baseline,2025-07-24 01:14:55.000
HADR_DBSTATECHANGE_SYNC,0,0,Baseline,2025-07-24 01:14:55.000
DIRTY_PAGE_SYNC,0,0,Baseline,2025-07-24 01:14:55.000
DIRTY_PAGE_POLL,425354,46337627,Baseline,2025-07-24 01:14:55.000
HTTP_STORAGE_CONNECTION,0,0,Baseline,2025-07-24 01:14:55.000
SECURITY_CRYPTO_CONTEXT_MUTEX,0,0,Baseline,2025-07-24 01:14:55.000
SECURITY_RULETABLE_MUTEX,0,0,Baseline,2025-07-24 01:14:55.000
SEMPLAT_DSI_BUILD,0,0,Baseline,2025-07-24 01:14:55.000
FILESTREAM_CHUNKER_INIT,0,0,Baseline,2025-07-24 01:14:55.000
FILESTREAM_CHUNKER,0,0,Baseline,2025-07-24 01:14:55.000
FFT_RSFX_COMM,0,0,Baseline,2025-07-24 01:14:55.000
FFT_RSFX_WAIT_FOR_MEMORY,0,0,Baseline,2025-07-24 01:14:55.000
FFT_STARTUP_SHUTDOWN,0,0,Baseline,2025-07-24 01:14:55.000
FFT_RECOVERY,0,0,Baseline,2025-07-24 01:14:55.000
FFT_NSO_FCB,0,0,Baseline,2025-07-24 01:14:55.000
FFT_NSO_FCB_PARENT,0,0,Baseline,2025-07-24 01:14:55.000
FFT_NSO_FCB_FIND,0,0,Baseline,2025-07-24 01:14:55.000
FFT_NSO_FCB_RELEASE_CACHED_ENTRIES,0,0,Baseline,2025-07-24 01:14:55.000
FFT_NSO_FILEOBJECT,0,0,Baseline,2025-07-24 01:14:55.000
FFT_NSO_DB_LIST,0,0,Baseline,2025-07-24 01:14:55.000
FFT_NSO_DB_KILL_FLAG,0,0,Baseline,2025-07-24 01:14:55.000
FFT_NSO_TABLE_LIST,0,0,Baseline,2025-07-24 01:14:55.000
FFT_STORE_DB,0,0,Baseline,2025-07-24 01:14:55.000
FFT_STORE_TABLE,0,0,Baseline,2025-07-24 01:14:55.000
FFT_STORE_ROWSET_LIST,0,0,Baseline,2025-07-24 01:14:55.000
FFT_NTFS_STORE,0,0,Baseline,2025-07-24 01:14:55.000
HADR_FILESTREAM_FILE_REQUEST,0,0,Baseline,2025-07-24 01:14:55.000
PWAIT_MD_UPGRADE_CONFIG,0,0,Baseline,2025-07-24 01:14:55.000
PWAIT_COOP_SCAN,0,0,Baseline,2025-07-24 01:14:55.000
QRY_PARALLEL_THREAD_MUTEX,0,0,Baseline,2025-07-24 01:14:55.000
PWAIT_QRY_BPMEMORY,0,0,Baseline,2025-07-24 01:14:55.000
WAITFOR_PER_QUEUE,0,0,Baseline,2025-07-24 01:14:55.000
CREATE_DATINISERVICE,0,0,Baseline,2025-07-24 01:14:55.000
AM_SCHEMAMGR_UNSHARED_CACHE,0,0,Baseline,2025-07-24 01:14:55.000
HADR_REPLICAINFO_SYNC,0,0,Baseline,2025-07-24 01:14:55.000
HADR_COMPRESSED_CACHE_SYNC,0,0,Baseline,2025-07-24 01:14:55.000
HADR_AR_MANAGER_MUTEX,0,0,Baseline,2025-07-24 01:14:55.000
HADR_NOTIFICATION_WORKER_TERMINATION_SYNC,0,0,Baseline,2025-07-24 01:14:55.000
HADR_NOTIFICATION_DEQUEUE,0,0,Baseline,2025-07-24 01:14:55.000
HADR_ARCONTROLLER_NOTIFICATIONS_SUBSCRIBER_LIST,0,0,Baseline,2025-07-24 01:14:55.000
HADR_DBR_SUBSCRIBER_FILTER_LIST,0,0,Baseline,2025-07-24 01:14:55.000
HADR_DBR_SUBSCRIBER,0,0,Baseline,2025-07-24 01:14:55.000
HADR_NOTIFICATION_WORKER_STARTUP_SYNC,0,0,Baseline,2025-07-24 01:14:55.000
HADR_NOTIFICATION_WORKER_EXCLUSIVE_ACCESS,0,0,Baseline,2025-07-24 01:14:55.000
HADR_RECOVERY_WAIT_FOR_UNDO,0,0,Baseline,2025-07-24 01:14:55.000
HADR_DATABASE_WAIT_FOR_RESTART,0,0,Baseline,2025-07-24 01:14:55.000
HADR_DATABASE_WAIT_FOR_RECOVERY,0,0,Baseline,2025-07-24 01:14:55.000
HADR_XRF_STACK_ACCESS,0,0,Baseline,2025-07-24 01:14:55.000
HADR_RECOVERY_WAIT_FOR_CONNECTION,0,0,Baseline,2025-07-24 01:14:55.000
HADR_TRANSPORT_FLOW_CONTROL,0,0,Baseline,2025-07-24 01:14:55.000
HADR_DATABASE_FLOW_CONTROL,0,0,Baseline,2025-07-24 01:14:55.000
PWAIT_HADR_POST_ONLINE_COMPLETED,0,0,Baseline,2025-07-24 01:14:55.000
HADR_DATABASE_WAIT_FOR_TRANSITION_TO_VERSIONING,0,0,Baseline,2025-07-24 01:14:55.000
XDES_OUT_OF_ORDER_LIST,0,0,Baseline,2025-07-24 01:14:55.000
HADR_BACKUP_BULK_LOCK,0,0,Baseline,2025-07-24 01:14:55.000
HADR_BACKUP_QUEUE,0,0,Baseline,2025-07-24 01:14:55.000
HADR_LOGCAPTURE_WAIT,0,0,Baseline,2025-07-24 01:14:55.000
HADR_AR_CRITICAL_SECTION_ENTRY,0,0,Baseline,2025-07-24 01:14:55.000
HADR_TDS_LISTENER_SYNC,0,0,Baseline,2025-07-24 01:14:55.000
HADR_READ_ALL_NETWORKS,0,0,Baseline,2025-07-24 01:14:55.000
HADR_TDS_LISTENER_SYNC_PROCESSING,0,0,Baseline,2025-07-24 01:14:55.000
PWAIT_XTP_FSSTORAGE_MAINTENANCE,0,0,Baseline,2025-07-24 01:14:55.000
WAIT_XTP_GUEST,0,0,Baseline,2025-07-24 01:14:55.000
WAIT_XTP_TASK_SHUTDOWN,0,0,Baseline,2025-07-24 01:14:55.000
XTPPROC_PARTITIONED_STACK_CREATE,0,0,Baseline,2025-07-24 01:14:55.000
PREEMPTIVE_HADR_LEASE_MECHANISM,0,0,Baseline,2025-07-24 01:14:55.000
HADR_TIMER_TASK,0,0,Baseline,2025-07-24 01:14:55.000
PWAIT_EVENT_SESSION_INIT_MUTEX,0,0,Baseline,2025-07-24 01:14:55.000
PWAIT_REPLICA_ONLINE_INIT_MUTEX,0,0,Baseline,2025-07-24 01:14:55.000
HADR_GROUP_COMMIT,0,0,Baseline,2025-07-24 01:14:55.000
HADR_SYNCHRONIZING_THROTTLE,0,0,Baseline,2025-07-24 01:14:55.000
HADR_DATABASE_VERSIONING_STATE,0,0,Baseline,2025-07-24 01:14:55.000
XTPPROC_CACHE_ACCESS,0,0,Baseline,2025-07-24 01:14:55.000
SP_SERVER_DIAGNOSTICS_BUFFER_ACCESS,0,0,Baseline,2025-07-24 01:14:55.000
HADR_FILESTREAM_FILE_CLOSE,0,0,Baseline,2025-07-24 01:14:55.000
VERSIONING_COMMITTING,0,0,Baseline,2025-07-24 01:14:55.000
FILETABLE_SHUTDOWN,0,0,Baseline,2025-07-24 01:14:55.000
PRU_ROLLBACK_DEFERRED,0,0,Baseline,2025-07-24 01:14:55.000
WAIT_XTP_TRAN_DEPENDENCY,0,0,Baseline,2025-07-24 01:14:55.000
WAIT_XTP_HOST_WAIT,3,268,Baseline,2025-07-24 01:14:55.000
PWAIT_XTP_HOST_STORAGE_WAIT,0,0,Baseline,2025-07-24 01:14:55.000
HADR_FABRIC_CALLBACK,0,0,Baseline,2025-07-24 01:14:55.000
WINFAB_REPORT_FAULT,0,0,Baseline,2025-07-24 01:14:55.000
ASYNC_OP_CONTEXT_READ,0,0,Baseline,2025-07-24 01:14:55.000
ASYNC_OP_CONTEXT_WRITE,0,0,Baseline,2025-07-24 01:14:55.000
ASYNC_OP_COMPLETION,0,0,Baseline,2025-07-24 01:14:55.000
FABRIC_REPLICA_PUBLISHER_SUBSCRIBER_LIST,0,0,Baseline,2025-07-24 01:14:55.000
FABRIC_REPLICA_CONTROLLER_STATE_AND_CONFIG,0,0,Baseline,2025-07-24 01:14:55.000
FABRIC_REPLICA_CONTROLLER_LIST,0,0,Baseline,2025-07-24 01:14:55.000
FABRIC_HADR_TRANSPORT_CONNECTION,0,0,Baseline,2025-07-24 01:14:55.000
FABRIC_WAIT_FOR_BUILD_REPLICA_EVENT_PROCESSING,0,0,Baseline,2025-07-24 01:14:55.000
PWAIT_FABRIC_REPLICA_CONTROLLER_DATA_LOSS,0,0,Baseline,2025-07-24 01:14:55.000
VDI_CLIENT_GETCOMMAND,0,0,Baseline,2025-07-24 01:14:55.000
VDI_CLIENT_COMPLETECOMMAND,0,0,Baseline,2025-07-24 01:14:55.000
VDI_CLIENT_OTHER,0,0,Baseline,2025-07-24 01:14:55.000
VDI_CLIENT_OPERATION,0,0,Baseline,2025-07-24 01:14:55.000
HADR_DBSEEDING,0,0,Baseline,2025-07-24 01:14:55.000
HADR_DBSEEDING_LIST,0,0,Baseline,2025-07-24 01:14:55.000
SLO_UPDATE,0,0,Baseline,2025-07-24 01:14:55.000
WAIT_XTP_RECOVERY,0,0,Baseline,2025-07-24 01:14:55.000
WAIT_XTP_OFFLINE_CKPT_NEW_LOG,0,0,Baseline,2025-07-24 01:14:55.000
WAIT_XTP_OFFLINE_CKPT_LOG_IO,0,0,Baseline,2025-07-24 01:14:55.000
WAIT_XTP_OFFLINE_CKPT_BEFORE_REDO,0,0,Baseline,2025-07-24 01:14:55.000
WAIT_XTP_PROCEDURE_ENTRY,0,0,Baseline,2025-07-24 01:14:55.000
WAIT_XTP_CKPT_ENABLED,0,0,Baseline,2025-07-24 01:14:55.000
WAIT_XTP_CKPT_AGENT_WAKEUP,0,0,Baseline,2025-07-24 01:14:55.000
WAIT_XTP_CKPT_CLOSE,0,0,Baseline,2025-07-24 01:14:55.000
WAIT_XTP_CKPT_STATE_LOCK,0,0,Baseline,2025-07-24 01:14:55.000
WAIT_XTP_ASYNC_TX_COMPLETION,0,0,Baseline,2025-07-24 01:14:55.000
LCK_M_SCH_S_LOW_PRIORITY,0,0,Baseline,2025-07-24 01:14:55.000
LCK_M_SCH_M_LOW_PRIORITY,0,0,Baseline,2025-07-24 01:14:55.000
LCK_M_S_LOW_PRIORITY,0,0,Baseline,2025-07-24 01:14:55.000
LCK_M_U_LOW_PRIORITY,0,0,Baseline,2025-07-24 01:14:55.000
LCK_M_X_LOW_PRIORITY,0,0,Baseline,2025-07-24 01:14:55.000
LCK_M_IS_LOW_PRIORITY,0,0,Baseline,2025-07-24 01:14:55.000
LCK_M_IU_LOW_PRIORITY,0,0,Baseline,2025-07-24 01:14:55.000
LCK_M_IX_LOW_PRIORITY,0,0,Baseline,2025-07-24 01:14:55.000
LCK_M_SIU_LOW_PRIORITY,0,0,Baseline,2025-07-24 01:14:55.000
LCK_M_SIX_LOW_PRIORITY,0,0,Baseline,2025-07-24 01:14:55.000
LCK_M_UIX_LOW_PRIORITY,0,0,Baseline,2025-07-24 01:14:55.000
LCK_M_BU_LOW_PRIORITY,0,0,Baseline,2025-07-24 01:14:55.000
LCK_M_RS_S_LOW_PRIORITY,0,0,Baseline,2025-07-24 01:14:55.000
LCK_M_RS_U_LOW_PRIORITY,0,0,Baseline,2025-07-24 01:14:55.000
LCK_M_RIn_NL_LOW_PRIORITY,0,0,Baseline,2025-07-24 01:14:55.000
LCK_M_RIn_S_LOW_PRIORITY,0,0,Baseline,2025-07-24 01:14:55.000
LCK_M_RIn_U_LOW_PRIORITY,0,0,Baseline,2025-07-24 01:14:55.000
LCK_M_RIn_X_LOW_PRIORITY,0,0,Baseline,2025-07-24 01:14:55.000
LCK_M_RX_S_LOW_PRIORITY,0,0,Baseline,2025-07-24 01:14:55.000
LCK_M_RX_U_LOW_PRIORITY,0,0,Baseline,2025-07-24 01:14:55.000
LCK_M_RX_X_LOW_PRIORITY,0,0,Baseline,2025-07-24 01:14:55.000
LCK_M_SCH_S_ABORT_BLOCKERS,0,0,Baseline,2025-07-24 01:14:55.000
LCK_M_SCH_M_ABORT_BLOCKERS,0,0,Baseline,2025-07-24 01:14:55.000
LCK_M_S_ABORT_BLOCKERS,0,0,Baseline,2025-07-24 01:14:55.000
LCK_M_U_ABORT_BLOCKERS,0,0,Baseline,2025-07-24 01:14:55.000
LCK_M_X_ABORT_BLOCKERS,0,0,Baseline,2025-07-24 01:14:55.000
LCK_M_IS_ABORT_BLOCKERS,0,0,Baseline,2025-07-24 01:14:55.000
LCK_M_IU_ABORT_BLOCKERS,0,0,Baseline,2025-07-24 01:14:55.000
LCK_M_IX_ABORT_BLOCKERS,0,0,Baseline,2025-07-24 01:14:55.000
LCK_M_SIU_ABORT_BLOCKERS,0,0,Baseline,2025-07-24 01:14:55.000
LCK_M_SIX_ABORT_BLOCKERS,0,0,Baseline,2025-07-24 01:14:55.000
LCK_M_UIX_ABORT_BLOCKERS,0,0,Baseline,2025-07-24 01:14:55.000
LCK_M_BU_ABORT_BLOCKERS,0,0,Baseline,2025-07-24 01:14:55.000
LCK_M_RS_S_ABORT_BLOCKERS,0,0,Baseline,2025-07-24 01:14:55.000
LCK_M_RS_U_ABORT_BLOCKERS,0,0,Baseline,2025-07-24 01:14:55.000
LCK_M_RIn_NL_ABORT_BLOCKERS,0,0,Baseline,2025-07-24 01:14:55.000
LCK_M_RIn_S_ABORT_BLOCKERS,0,0,Baseline,2025-07-24 01:14:55.000
LCK_M_RIn_U_ABORT_BLOCKERS,0,0,Baseline,2025-07-24 01:14:55.000
LCK_M_RIn_X_ABORT_BLOCKERS,0,0,Baseline,2025-07-24 01:14:55.000
LCK_M_RX_S_ABORT_BLOCKERS,0,0,Baseline,2025-07-24 01:14:55.000
LCK_M_RX_U_ABORT_BLOCKERS,0,0,Baseline,2025-07-24 01:14:55.000
LCK_M_RX_X_ABORT_BLOCKERS,0,0,Baseline,2025-07-24 01:14:55.000
TERMINATE_LISTENER,0,0,Baseline,2025-07-24 01:14:55.000
WAIT_SCRIPTDEPLOYMENT_REQUEST,0,0,Baseline,2025-07-24 01:14:55.000
WAIT_SCRIPTDEPLOYMENT_WORKER,0,0,Baseline,2025-07-24 01:14:55.000
FEATURE_SWITCHES_UPDATE,0,0,Baseline,2025-07-24 01:14:55.000
XTP_HOST_DB_COLLECTION,0,0,Baseline,2025-07-24 01:14:55.000
XTP_HOST_LOG_ACTIVITY,0,0,Baseline,2025-07-24 01:14:55.000
QDS_DYN_VECTOR,0,0,Baseline,2025-07-24 01:14:55.000
QDS_STMT,0,0,Baseline,2025-07-24 01:14:55.000
QDS_CTXS,0,0,Baseline,2025-07-24 01:14:55.000
QDS_BCKG_TASK,0,0,Baseline,2025-07-24 01:14:55.000
QDS_DB_DISK,0,0,Baseline,2025-07-24 01:14:55.000
QDS_STMT_DISK,0,0,Baseline,2025-07-24 01:14:55.000
QDS_ASYNC_PERSIST_TASK,0,0,Baseline,2025-07-24 01:14:55.000
QDS_LOADDB,0,0,Baseline,2025-07-24 01:14:55.000
QDS_ASYNC_PERSIST_TASK_START,1,0,Baseline,2025-07-24 01:14:55.000
QDS_ASYNC_CHECK_CONSISTENCY_TASK,0,0,Baseline,2025-07-24 01:14:55.000
QDS_TASK_START,1,0,Baseline,2025-07-24 01:14:55.000
QDS_PERSIST_TASK_MAIN_LOOP_SLEEP,773,46325585,Baseline,2025-07-24 01:14:55.000
QDS_TASK_SHUTDOWN,0,0,Baseline,2025-07-24 01:14:55.000
QDS_SHUTDOWN_QUEUE,0,0,Baseline,2025-07-24 01:14:55.000
QDS_EXCLUSIVE_ACCESS,0,0,Baseline,2025-07-24 01:14:55.000
PREEMPTIVE_XE_CX_FILE_OPEN,0,0,Baseline,2025-07-24 01:14:55.000
XE_CX_FILE_READ,0,0,Baseline,2025-07-24 01:14:55.000
WINFAB_API_CALL,0,0,Baseline,2025-07-24 01:14:55.000
PREEMPTIVE_XE_CX_HTTP_CALL,0,0,Baseline,2025-07-24 01:14:55.000
PWAIT_LOG_CONSOLIDATION_POLL,0,0,Baseline,2025-07-24 01:14:55.000
PWAIT_LOG_CONSOLIDATION_IO,0,0,Baseline,2025-07-24 01:14:55.000
COLUMNSTORE_BUILD_THROTTLE,0,0,Baseline,2025-07-24 01:14:55.000
COLUMNSTORE_ATTRIBUTE_CONTAINER,0,0,Baseline,2025-07-24 01:14:55.000
DBSEEDING_OPERATION,0,0,Baseline,2025-07-24 01:14:55.000
DBSEEDING_FLOWCONTROL,0,0,Baseline,2025-07-24 01:14:55.000
PHYSICAL_SEEDING_DMV,0,0,Baseline,2025-07-24 01:14:55.000
DROP_DATABASE_TIMER_TASK,0,0,Baseline,2025-07-24 01:14:55.000
SNI_CONN_DUP,0,0,Baseline,2025-07-24 01:14:55.000
SEQUENCE_GENERATION,0,0,Baseline,2025-07-24 01:14:55.000
RTDATA_LIST,0,0,Baseline,2025-07-24 01:14:55.000
PWAIT_HADR_JOIN,0,0,Baseline,2025-07-24 01:14:55.000
WINFAB_REPLICA_BUILD_OPERATION,0,0,Baseline,2025-07-24 01:14:55.000
FABRIC_REPLICA_PUBLISHER_EVENT_PUBLISH,0,0,Baseline,2025-07-24 01:14:55.000
QDS_CLEANUP_STALE_QUERIES_TASK_MAIN_LOOP_SLEEP,0,0,Baseline,2025-07-24 01:14:55.000
TDS_PROXY_CONTAINER,0,0,Baseline,2025-07-24 01:14:55.000
HADR_THROTTLE_LOG_RATE_GOVERNOR,0,0,Baseline,2025-07-24 01:14:55.000
XDB_CONN_DUP_HASH,0,0,Baseline,2025-07-24 01:14:55.000
PWAIT_HADRSIM,0,0,Baseline,2025-07-24 01:14:55.000
PREEMPTIVE_OS_VERIFYTRUST,4,196,Baseline,2025-07-24 01:14:55.000
BROKER_START,0,0,Baseline,2025-07-24 01:14:55.000
XTP_TRUNCATION_LSN,0,0,Baseline,2025-07-24 01:14:55.000
ROWGROUP_OP_STATS,0,0,Baseline,2025-07-24 01:14:55.000
BPSORT,0,0,Baseline,2025-07-24 01:14:55.000
ROWGROUP_VERSION,0,0,Baseline,2025-07-24 01:14:55.000
XTP_PREEMPTIVE_TASK,1,0,Baseline,2025-07-24 01:14:55.000
INSTANCE_LOG_RATE_GOVERNOR,0,0,Baseline,2025-07-24 01:14:55.000
NETWORKSXMLMGRLOAD,0,0,Baseline,2025-07-24 01:14:55.000
BLOB_METADATA,0,0,Baseline,2025-07-24 01:14:55.000
FORWARDER_TRANSITION,0,0,Baseline,2025-07-24 01:14:55.000
FILE_OWNERSHIP_TABLE,0,0,Baseline,2025-07-24 01:14:55.000
GLOBAL_TRAN_CREATE,0,0,Baseline,2025-07-24 01:14:55.000
CONNECTION_ENDPOINT_LOCK,0,0,Baseline,2025-07-24 01:14:55.000
TDS_BANDWIDTH_STATE,0,0,Baseline,2025-07-24 01:14:55.000
DTCNEW_RECOVERY,0,0,Baseline,2025-07-24 01:14:55.000
DTCNEW_TRANSACTION_ENLISTMENT,0,0,Baseline,2025-07-24 01:14:55.000
DTCNEW_ENLIST,0,0,Baseline,2025-07-24 01:14:55.000
DTCNEW_PREPARE,0,0,Baseline,2025-07-24 01:14:55.000
DTCNEW_TM,0,0,Baseline,2025-07-24 01:14:55.000
DTC_PRECOMMIT,0,0,Baseline,2025-07-24 01:14:55.000
HCCO_CACHE,0,0,Baseline,2025-07-24 01:14:55.000
TDS_INIT,0,0,Baseline,2025-07-24 01:14:55.000
WINDOW_AGGREGATES_MULTIPASS,0,0,Baseline,2025-07-24 01:14:55.000
REMOTE_DATA_ARCHIVE_MIGRATION_DMV,0,0,Baseline,2025-07-24 01:14:55.000
REMOTE_DATA_ARCHIVE_SCHEMA_DMV,0,0,Baseline,2025-07-24 01:14:55.000
REMOTE_DATA_ARCHIVE_SCHEMA_TASK_QUEUE,0,0,Baseline,2025-07-24 01:14:55.000
GLOBAL_TRAN_UCS_SESSION,0,0,Baseline,2025-07-24 01:14:55.000
XE_FILE_TARGET_TVF,0,0,Baseline,2025-07-24 01:14:55.000
GLOBAL_QUERY_PRODUCER,0,0,Baseline,2025-07-24 01:14:55.000
GLOBAL_QUERY_CONSUMER,0,0,Baseline,2025-07-24 01:14:55.000
GLOBAL_QUERY_CANCEL,0,0,Baseline,2025-07-24 01:14:55.000
GLOBAL_QUERY_CLOSE,0,0,Baseline,2025-07-24 01:14:55.000
GLOBAL_QUERY_EXTRACTOR_EXECUTE,0,0,Baseline,2025-07-24 01:14:55.000
SLEEP_BUFFERPOOL_HELPLW,221130,340704,Baseline,2025-07-24 01:14:55.000
QDS_ASYNC_QUEUE,1,0,Baseline,2025-07-24 01:14:55.000
CHECK_SCANNER_MUTEX,0,0,Baseline,2025-07-24 01:14:55.000
DIRECTLOGCONSUMER_LIST,0,0,Baseline,2025-07-24 01:14:55.000
PWAIT_DIRECTLOGCONSUMER_GETNEXT,0,0,Baseline,2025-07-24 01:14:55.000
CHECK_TABLES_INITIALIZATION,49,889,Baseline,2025-07-24 01:14:55.000
CHECK_TABLES_SINGLE_SCAN,0,0,Baseline,2025-07-24 01:14:55.000
CHECK_TABLES_THREAD_BARRIER,24,20,Baseline,2025-07-24 01:14:55.000
QDS_BLOOM_FILTER,0,0,Baseline,2025-07-24 01:14:55.000
SHARED_DELTASTORE_CREATION,0,0,Baseline,2025-07-24 01:14:55.000
FILE_VALIDATION_THREADS,0,0,Baseline,2025-07-24 01:14:55.000
PREEMPTIVE_OS_GETFINALFILEPATHBYHANDLE,1,0,Baseline,2025-07-24 01:14:55.000
SATELLITE_SERVICE_SETUP,0,0,Baseline,2025-07-24 01:14:55.000
SATELLITE_CARGO,0,0,Baseline,2025-07-24 01:14:55.000
SMSYNC,0,0,Baseline,2025-07-24 01:14:55.000
XTP_HOST_PARALLEL_RECOVERY,0,0,Baseline,2025-07-24 01:14:55.000
WAIT_XTP_SWITCH_TO_INACTIVE,0,0,Baseline,2025-07-24 01:14:55.000
HKCS_PARALLEL_RECOVERY,0,0,Baseline,2025-07-24 01:14:55.000
SATELLITE_TASK,0,0,Baseline,2025-07-24 01:14:55.000
DPT_ENTRY_LOCK,0,0,Baseline,2025-07-24 01:14:55.000
RECOVERY_MGR_LOCK,0,0,Baseline,2025-07-24 01:14:55.000
PARALLEL_REDO_FLOW_CONTROL,0,0,Baseline,2025-07-24 01:14:55.000
PARALLEL_REDO_WORKER_SYNC,6,2,Baseline,2025-07-24 01:14:55.000
PARALLEL_REDO_DRAIN_WORKER,1,1,Baseline,2025-07-24 01:14:55.000
PARALLEL_REDO_TRAN_LIST,0,0,Baseline,2025-07-24 01:14:55.000
PARALLEL_REDO_LOG_CACHE,0,0,Baseline,2025-07-24 01:14:55.000
PARALLEL_REDO_WORKER_WAIT_WORK,8,81,Baseline,2025-07-24 01:14:55.000
PARALLEL_REDO_TRAN_TURN,0,0,Baseline,2025-07-24 01:14:55.000
SOCKETDUPLICATEQUEUE_CLEANUP,0,0,Baseline,2025-07-24 01:14:55.000
FFT_NSO_FCB_STATE,0,0,Baseline,2025-07-24 01:14:55.000
QE_WARN_LIST_SYNC,0,0,Baseline,2025-07-24 01:14:55.000
HKCS_PARALLEL_MIGRATION,0,0,Baseline,2025-07-24 01:14:55.000
HK_RESTORE_FILEMAP,0,0,Baseline,2025-07-24 01:14:55.000
LOG_POOL_SCAN,0,0,Baseline,2025-07-24 01:14:55.000
HADR_SEEDING_LIMIT_BACKUPS,0,0,Baseline,2025-07-24 01:14:55.000
HADR_SEEDING_CANCELLATION,0,0,Baseline,2025-07-24 01:14:55.000
HADR_SEEDING_SYNC_COMPLETION,0,0,Baseline,2025-07-24 01:14:55.000
HADR_SEEDING_TIMEOUT_TASK,0,0,Baseline,2025-07-24 01:14:55.000
HADR_SEEDING_FILE_LIST,0,0,Baseline,2025-07-24 01:14:55.000
HADR_SEEDING_WAIT_FOR_COMPLETION,0,0,Baseline,2025-07-24 01:14:55.000
EXTERNAL_SCRIPT_PREPARE_SERVICE,0,0,Baseline,2025-07-24 01:14:55.000
EXTERNAL_SCRIPT_SHUTDOWN,0,0,Baseline,2025-07-24 01:14:55.000
PWAIT_EXTERNAL_SCRIPT_DIRECTORY_PERMISSION,0,0,Baseline,2025-07-24 01:14:55.000
EXTERNAL_RG_UPDATE,0,0,Baseline,2025-07-24 01:14:55.000
QDS_QDS_CAPTURE_INIT,0,0,Baseline,2025-07-24 01:14:55.000
"EXTERNAL_WAIT_ON_LAUNCHER,",0,0,Baseline,2025-07-24 01:14:55.000
ASYNC_SOCKETDUP_IO,0,0,Baseline,2025-07-24 01:14:55.000
ASSEMBLY_FILTER_HASHTABLE,0,0,Baseline,2025-07-24 01:14:55.000
SECURITY_DBE_STATE_MUTEX,0,0,Baseline,2025-07-24 01:14:55.000
LOGMGR_PMM_LOG,0,0,Baseline,2025-07-24 01:14:55.000
COLUMNSTORE_COLUMNDATASET_SESSION_LIST,0,0,Baseline,2025-07-24 01:14:55.000
GHOSTCLEANUP_UPDATE_STATS,0,0,Baseline,2025-07-24 01:14:55.000
SECURITY_CNG_PROVIDER_MUTEX,14,26,Baseline,2025-07-24 01:14:55.000
TEMPORAL_BACKGROUND_PROCEED_CLEANUP,0,0,Baseline,2025-07-24 01:14:55.000
QDS_HOST_INIT,0,0,Baseline,2025-07-24 01:14:55.000
EXTERNAL_SCRIPT_NETWORK_IO,0,0,Baseline,2025-07-24 01:14:55.000
EXTERNAL_SERVICE_BLOB_MESSAGE,0,0,Baseline,2025-07-24 01:14:55.000
EXTERNAL_SERVICE_CONNECTION_CLOSE,0,0,Baseline,2025-07-24 01:14:55.000
STREAMING_SERVICE_RESTART_FINISHED,0,0,Baseline,2025-07-24 01:14:55.000
STREAMING_SERVICE_SEND_KILL_PROCESS,0,0,Baseline,2025-07-24 01:14:55.000
XDB_PKG_LAUNCHER_CONNECTION,0,0,Baseline,2025-07-24 01:14:55.000
HADR_THROTTLE_LOG_RATE_LOG_SIZE,0,0,Baseline,2025-07-24 01:14:55.000
HADR_THROTTLE_LOG_RATE_SEND_RECV_QUEUE_SIZE,0,0,Baseline,2025-07-24 01:14:55.000
HADR_THROTTLE_LOG_RATE_SEEDING,0,0,Baseline,2025-07-24 01:14:55.000
HADR_THROTTLE_LOG_RATE_MISMATCHED_SLO,0,0,Baseline,2025-07-24 01:14:55.000
HADR_THROTTLE_LOG_RATE_SLO_DOWNGRADE,0,0,Baseline,2025-07-24 01:14:55.000
QRY_PROFILE_LIST_MUTEX,0,0,Baseline,2025-07-24 01:14:55.000
RESTORE_FILEHANDLECACHE_ENTRYLOCK,0,0,Baseline,2025-07-24 01:14:55.000
RESTORE_FILEHANDLECACHE_LOCK,0,0,Baseline,2025-07-24 01:14:55.000
MEMORY_GRANT_UPDATE,0,0,Baseline,2025-07-24 01:14:55.000
SBS_TRANSPORT,0,0,Baseline,2025-07-24 01:14:55.000
PWAIT_SBS_FILE_OPERATION,0,0,Baseline,2025-07-24 01:14:55.000
PWAIT_SBS_API_STATS_PUBLISH,0,0,Baseline,2025-07-24 01:14:55.000
PWAIT_SBS_IOAPI_STATS_PUBLISH,0,0,Baseline,2025-07-24 01:14:55.000
PWAIT_DBCC_FREEZEIO_MUTEX,0,0,Baseline,2025-07-24 01:14:55.000
PWAIT_DBCC_THAWIO_MUTEX,0,0,Baseline,2025-07-24 01:14:55.000
SBS_DISPATCH,0,0,Baseline,2025-07-24 01:14:55.000
SBS_RECEIVE_TRANSPORT,0,0,Baseline,2025-07-24 01:14:55.000
SBS_TRANSPORT_COMPLETION,0,0,Baseline,2025-07-24 01:14:55.000
SBS_TRANSPORT_BUFFER_DEREFERENCE,0,0,Baseline,2025-07-24 01:14:55.000
WAIT_XTP_COMPILE_WAIT,0,0,Baseline,2025-07-24 01:14:55.000
WAIT_XTP_SERIAL_RECOVERY,0,0,Baseline,2025-07-24 01:14:55.000
PWAIT_PREEMPTIVE_APP_USAGE_TIMER,0,0,Baseline,2025-07-24 01:14:55.000
REMOTE_BLOCK_IO,0,0,Baseline,2025-07-24 01:14:55.000
RBIO_PS_ACTOR_COLLECTION_RWLOCK,0,0,Baseline,2025-07-24 01:14:55.000
RBIO_COMPLETE_LOG_READ,0,0,Baseline,2025-07-24 01:14:55.000
RBIO_CONNECTION_MGR,0,0,Baseline,2025-07-24 01:14:55.000
RBIO_UNINITIALIZE,0,0,Baseline,2025-07-24 01:14:55.000
RBIO_AWAIT_RESPONSE,0,0,Baseline,2025-07-24 01:14:55.000
RBIO_COMM_RETRY,0,0,Baseline,2025-07-24 01:14:55.000
RBIO_COMM_UNINITIALIZE,0,0,Baseline,2025-07-24 01:14:55.000
RBIO_INITIALIZE_MUTEX,0,0,Baseline,2025-07-24 01:14:55.000
RBIO_FCB_DEFERRED_IO_FN,0,0,Baseline,2025-07-24 01:14:55.000
RBIO_FCB_DEFERRED_IO,0,0,Baseline,2025-07-24 01:14:55.000
RBIO_WAIT_VLF,0,0,Baseline,2025-07-24 01:14:55.000
XLOGREAD_SIGNAL,0,0,Baseline,2025-07-24 01:14:55.000
XLOG_BGTHREAD,0,0,Baseline,2025-07-24 01:14:55.000
XLOG_GAPFILLERTHREAD,0,0,Baseline,2025-07-24 01:14:55.000
XLOG_BROKER_WAITFULL,0,0,Baseline,2025-07-24 01:14:55.000
XLOG_BROKER_WAITMAXALLOWED,0,0,Baseline,2025-07-24 01:14:55.000
XLOG_SPACEMGR_INITIALIZE,0,0,Baseline,2025-07-24 01:14:55.000
XLOG_BROKER_WAIT_PAGE,0,0,Baseline,2025-07-24 01:14:55.000
XLOG_BROKER_UNLINKING_IN_PROGRESS,0,0,Baseline,2025-07-24 01:14:55.000
FOREIGN_REDO,0,0,Baseline,2025-07-24 01:14:55.000
FOREIGN_FILE_VALIDATION,0,0,Baseline,2025-07-24 01:14:55.000
BLOB_CONTAINER_TABLE,0,0,Baseline,2025-07-24 01:14:55.000
RESTORE_MSDA_THREAD_BARRIER,0,0,Baseline,2025-07-24 01:14:55.000
BACKUP_INMEM_DIFFLIST_READ_ACCESS,0,0,Baseline,2025-07-24 01:14:55.000
BACKUP_INMEM_DIFFLIST_WRITE_ACCESS,0,0,Baseline,2025-07-24 01:14:55.000
BACKUP_BACKUP_MGR_MIHYBRIDINFO_RWLOCK,0,0,Baseline,2025-07-24 01:14:55.000
SLEEP_SETUP,0,0,Baseline,2025-07-24 01:14:55.000
PREEMPTIVE_XE_PROXY_SESSIONCOMMIT,0,0,Baseline,2025-07-24 01:14:55.000
UCS_CNG_PROVIDER_MUTEX,0,0,Baseline,2025-07-24 01:14:55.000
PREEMPTIVE_OS_BCRYPTIMPORTKEY,0,0,Baseline,2025-07-24 01:14:55.000
PREEMPTIVE_OS_NCRYPTIMPORTKEY,0,0,Baseline,2025-07-24 01:14:55.000
PWAIT_EXTERNAL_SCRIPT_LIBMGMT_DIR_PERMS,0,0,Baseline,2025-07-24 01:14:55.000
PREEMPTIVE_NTJOB_CALLS,0,0,Baseline,2025-07-24 01:14:55.000
VERSION_STORE_MGR_LOCK,0,0,Baseline,2025-07-24 01:14:55.000
PVS_CLEANUP_LOCK,0,0,Baseline,2025-07-24 01:14:55.000
PVS_SHRINK_SYNC_LOCK,0,0,Baseline,2025-07-24 01:14:55.000
SLEEP_PHYSMASTERDBREADY,1,297,Baseline,2025-07-24 01:14:55.000
SLOG_APPEND,0,0,Baseline,2025-07-24 01:14:55.000
SLOG_TRUNCATION,0,0,Baseline,2025-07-24 01:14:55.000
SBS_NSO_PROCESS_HASHTABLE,0,0,Baseline,2025-07-24 01:14:55.000
PREEMPTIVE_OS_WAITFORSINGLEOBJECT_SBS_API,0,0,Baseline,2025-07-24 01:14:55.000
PREEMPTIVE_OS_WAITFORSINGLEOBJECT_SBS_IO,0,0,Baseline,2025-07-24 01:14:55.000
WAIT_LOG_LEASE_HASH_LOCK,0,0,Baseline,2025-07-24 01:14:55.000
WAIT_WPR_MUTEX,0,0,Baseline,2025-07-24 01:14:55.000
WAIT_WPR_TABLEACCESS_MUTEX,0,0,Baseline,2025-07-24 01:14:55.000
REMOTE_CS_GC,0,0,Baseline,2025-07-24 01:14:55.000
PROTECTED_SHARED_BUFFER,0,0,Baseline,2025-07-24 01:14:55.000
CATALOG_DB_INFO,0,0,Baseline,2025-07-24 01:14:55.000
WAIT_WPR_STACK_MUTEX,0,0,Baseline,2025-07-24 01:14:55.000
CS_BLOB_BPOOL,0,0,Baseline,2025-07-24 01:14:55.000
NATIVE_SHUFFLE_PROCESS_INPUT_BATCHES,0,0,Baseline,2025-07-24 01:14:55.000
NATIVE_SHUFFLE_SBS_BUFFER_WRITES,0,0,Baseline,2025-07-24 01:14:55.000
NATIVE_SHUFFLE_WRITE_BUFFER_DEQUEUE,0,0,Baseline,2025-07-24 01:14:55.000
SBS_NSO_PROCESS_OPENHANDLE_LIST,0,0,Baseline,2025-07-24 01:14:55.000
NATIVE_SHUFFLE_SBS_READS,0,0,Baseline,2025-07-24 01:14:55.000
PREEMPTIVE_OS_READFILE,0,0,Baseline,2025-07-24 01:14:55.000
PREEMPTIVE_RG_RESPONSEFROMSERVER,0,0,Baseline,2025-07-24 01:14:55.000
PREEMPTIVE_RG_HTTP,0,0,Baseline,2025-07-24 01:14:55.000
CLONEDB_CHECKDB,0,0,Baseline,2025-07-24 01:14:55.000
PREEMPTIVE_OS_WAITFORSINGLEOBJECT_SBS_IOCP,0,0,Baseline,2025-07-24 01:14:55.000
SBS_SYNC_IO_COMPLETION,0,0,Baseline,2025-07-24 01:14:55.000
TIERED_STORAGE_REENCRYPTION_TASK,0,0,Baseline,2025-07-24 01:14:55.000
WAIT_REDO_CATCHUP,0,0,Baseline,2025-07-24 01:14:55.000
TIERED_STORAGE_PERSIST_LRU_INFO_TASK,0,0,Baseline,2025-07-24 01:14:55.000
WAIT_CATALOG_COMMUNICATION_HUB,0,0,Baseline,2025-07-24 01:14:55.000
WAIT_DYNAMIC_INTERNAL_TABLE_BASE,0,0,Baseline,2025-07-24 01:14:55.000
NATIVE_SHUFFLE_SHARED_BUFFER,0,0,Baseline,2025-07-24 01:14:55.000
VLDB_DUMP_LOG_LOCK,0,0,Baseline,2025-07-24 01:14:55.000
MANAGED_INSTANCE_FILE_SYNCH,0,0,Baseline,2025-07-24 01:14:55.000
TIERED_STORAGE_SCANNER,0,0,Baseline,2025-07-24 01:14:55.000
TIERED_STORAGE_MIGRATION_TASK,0,0,Baseline,2025-07-24 01:14:55.000
COLUMNSTORE_ATTRIBUTE_ACCESSOR,0,0,Baseline,2025-07-24 01:14:55.000
LOGPOOL_CONSUMER_SCAN,0,0,Baseline,2025-07-24 01:14:55.000
EXTERNAL_SCRIPT_LAUNCHPAD,0,0,Baseline,2025-07-24 01:14:55.000
WAIT_PREEMPTIVE_GET_APP_PATH,0,0,Baseline,2025-07-24 01:14:55.000
RBIO_RG_STORAGE,0,0,Baseline,2025-07-24 01:14:55.000
RBIO_RG_STORAGE_CHECKPOINT,0,0,Baseline,2025-07-24 01:14:55.000
RBIO_RG_DESTAGE,0,0,Baseline,2025-07-24 01:14:55.000
RBIO_RG_REPLICA,0,0,Baseline,2025-07-24 01:14:55.000
RBIO_RG_GEOREPLICA,0,0,Baseline,2025-07-24 01:14:55.000
PVS_TRACK_PAGES_MUTEX,0,0,Baseline,2025-07-24 01:14:55.000
WAIT_CTR_ABORTED_XDESID_MUTEX,0,0,Baseline,2025-07-24 01:14:55.000
EXTERNAL_SCRIPT_CREATE_CERTIFICATE,0,0,Baseline,2025-07-24 01:14:55.000
XLOG_TOSITER_IO,0,0,Baseline,2025-07-24 01:14:55.000
XLOG_ATTACH,0,0,Baseline,2025-07-24 01:14:55.000
XLOG_POOL_QUERY_WAIT,0,0,Baseline,2025-07-24 01:14:55.000
XLOG_POOL_FILLER_SLEEP,0,0,Baseline,2025-07-24 01:14:55.000
XLOG_POOL_FILLER_SHUTDOWN,0,0,Baseline,2025-07-24 01:14:55.000
PWAIT_XLOG_POOL_EVICT_SLEEP,0,0,Baseline,2025-07-24 01:14:55.000
XLOG_POOL_SHUTDOWN,0,0,Baseline,2025-07-24 01:14:55.000
TIERED_STORAGE_CACHE_HIT_STATS,0,0,Baseline,2025-07-24 01:14:55.000
SBS_WRITE_WAIT_TABLE,0,0,Baseline,2025-07-24 01:14:55.000
VERSION_LEASE_HASH_LOCK,0,0,Baseline,2025-07-24 01:14:55.000
PVS_ENABLE_EVENT,0,0,Baseline,2025-07-24 01:14:55.000
SBS_COPY_IO_COMPLETION,0,0,Baseline,2025-07-24 01:14:55.000
FEDERATION_NODE_API_CALL,0,0,Baseline,2025-07-24 01:14:55.000
IQ_QUERY_COMPLETION,0,0,Baseline,2025-07-24 01:14:55.000
PREEMPTIVE_EDC,0,0,Baseline,2025-07-24 01:14:55.000
PREEMPTIVE_REPORTING,0,0,Baseline,2025-07-24 01:14:55.000
PREEMPTIVE_EMC,0,0,Baseline,2025-07-24 01:14:55.000
EDC_INIT_MUTEX,0,0,Baseline,2025-07-24 01:14:55.000
EDC_INIT_RWLOCK,0,0,Baseline,2025-07-24 01:14:55.000
EMC_INIT_MUTEX,0,0,Baseline,2025-07-24 01:14:55.000
IQ_CHANNEL_HASH_LOCK,0,0,Baseline,2025-07-24 01:14:55.000
PREEMPTIVE_XA_START,0,0,Baseline,2025-07-24 01:14:55.000
PREEMPTIVE_XA_OPERATION,0,0,Baseline,2025-07-24 01:14:55.000
PREEMPTIVE_XA_RECOVER,0,0,Baseline,2025-07-24 01:14:55.000
HADR_DBHEALTH_INFOMAP_ACCESS,0,0,Baseline,2025-07-24 01:14:55.000
RBIO_TRANSITION_SYNC,0,0,Baseline,2025-07-24 01:14:55.000
IQ_REQUEST_HASH_LOCK,0,0,Baseline,2025-07-24 01:14:55.000
EDC_FABRIC_RESOLVE_SERVICE_URI,0,0,Baseline,2025-07-24 01:14:55.000
EMC_FABRIC_RESOLVE_SERVICE_URI,0,0,Baseline,2025-07-24 01:14:55.000
PWAIT_EXTENSIBILITY_CLEANUP_TASK,0,0,Baseline,2025-07-24 01:14:55.000
RESERVOIR_SAMPLE_CRITICAL_SECTION,0,0,Baseline,2025-07-24 01:14:55.000
PREEMPTIVE_AUTHENTICATE_LAUNCHPADD,0,0,Baseline,2025-07-24 01:14:55.000
INTERFACE_ENDPOINTS_LIST_RWLOCK,0,0,Baseline,2025-07-24 01:14:55.000
TESTTHREAD,0,0,Baseline,2025-07-24 01:14:55.000
CSATTRIBUTECACHE_UNITTEST,0,0,Baseline,2025-07-24 01:14:55.000
DATA_EXPORT_COMPLETION_SYNC,0,0,Baseline,2025-07-24 01:14:55.000
PWAIT_EXTERNAL_LIBRARY_API_CALL,0,0,Baseline,2025-07-24 01:14:55.000
RBIO_RG_LOCALDESTAGE,0,0,Baseline,2025-07-24 01:14:55.000
IQ_CONFIG_HASH_LOCK,0,0,Baseline,2025-07-24 01:14:55.000
IQ_RESOLVE,0,0,Baseline,2025-07-24 01:14:55.000
WAIT_ON_SYNC_STATISTICS_REFRESH,25,370,Baseline,2025-07-24 01:14:55.000
RETRY_INIT_PVS,0,0,Baseline,2025-07-24 01:14:55.000
WAIT_XCS_LIBRARY,0,0,Baseline,2025-07-24 01:14:55.000
WAIT_XCS_SCHEMA_FILE_IO,0,0,Baseline,2025-07-24 01:14:55.000
WAIT_XCS_SCHEMA_RESOLUTION,0,0,Baseline,2025-07-24 01:14:55.000
WAIT_XCS_PARQUET_SEGMENT_IO,0,0,Baseline,2025-07-24 01:14:55.000
WAIT_XCS_SHARED_FILE_OP,0,0,Baseline,2025-07-24 01:14:55.000
WAIT_XCS_LOCATOR_FETCH,0,0,Baseline,2025-07-24 01:14:55.000
WAIT_XCS_GENERIC_IO,0,0,Baseline,2025-07-24 01:14:55.000
WAIT_FCS_MD_RESOLVE,0,0,Baseline,2025-07-24 01:14:55.000
IQ_CLIENT_HASH_LOCK,0,0,Baseline,2025-07-24 01:14:55.000
RBIO_DB_RESTART,0,0,Baseline,2025-07-24 01:14:55.000
RBIO_DBSTATECHANGE_SYNC,0,0,Baseline,2025-07-24 01:14:55.000
RBIO_DB_TRANS_PRIMARY,0,0,Baseline,2025-07-24 01:14:55.000
RBIO_DBTRANSPRIMARY_SYNC,0,0,Baseline,2025-07-24 01:14:55.000
RG_MEM_TARGET_LOCK,0,0,Baseline,2025-07-24 01:14:55.000
EDC_EXEC,0,0,Baseline,2025-07-24 01:14:55.000
REPORTING_EXEC,0,0,Baseline,2025-07-24 01:14:55.000
EMC_EXEC,0,0,Baseline,2025-07-24 01:14:55.000
WAIT_CTR_ABORTED_XDES_FORGET_MUTEX,0,0,Baseline,2025-07-24 01:14:55.000
SP_PREPARE_HANDLE,0,0,Baseline,2025-07-24 01:14:55.000
HK_CREATE_TABLE,0,0,Baseline,2025-07-24 01:14:55.000
HK_STORAGE_UNDEPLOYMENT,0,0,Baseline,2025-07-24 01:14:55.000
WAIT_AETM_COMPARATOR,0,0,Baseline,2025-07-24 01:14:55.000
WAIT_AE_DEFERRED_XACT_MGR,0,0,Baseline,2025-07-24 01:14:55.000
WAIT_LAUNCHPAD_SERVICE_DISPATCHER,0,0,Baseline,2025-07-24 01:14:55.000
WAIT_GLMS_ACCESS,0,0,Baseline,2025-07-24 01:14:55.000
WAIT_FIDO_GLMS_SYNC,0,0,Baseline,2025-07-24 01:14:55.000
WAIT_GLMS_LOG,0,0,Baseline,2025-07-24 01:14:55.000
WAIT_GLMS_LOG_BLOCK_IO,0,0,Baseline,2025-07-24 01:14:55.000
WAIT_ODBC,0,0,Baseline,2025-07-24 01:14:55.000
WAIT_SEQUENCE,0,0,Baseline,2025-07-24 01:14:55.000
WAIT_RETENTION_POLICY,0,0,Baseline,2025-07-24 01:14:55.000
COLUMNSTORE_CSI_CACHE,0,0,Baseline,2025-07-24 01:14:55.000
LCK_REQ_TSK_PROXY,0,0,Baseline,2025-07-24 01:14:55.000
RG_MANAGER_THREAD_POOL,0,0,Baseline,2025-07-24 01:14:55.000
RG_MANAGER_THREAD_POOL_TASK_COMPLETION,0,0,Baseline,2025-07-24 01:14:55.000
TOAD_TASK,0,0,Baseline,2025-07-24 01:14:55.000
PREEMPTIVE_OS_LOOKUPACCOUNTNAME,0,0,Baseline,2025-07-24 01:14:55.000
SEEDING_RECEIVE_BUFFER_READ_ACCESS,0,0,Baseline,2025-07-24 01:14:55.000
SEEDING_RECEIVE_BUFFER_WRITE_ACCESS,0,0,Baseline,2025-07-24 01:14:55.000
DW_TRAN_CREATE,0,0,Baseline,2025-07-24 01:14:55.000
WAIT_LM_CREATE,0,0,Baseline,2025-07-24 01:14:55.000
BDC_CONTROLLER_REQUEST_COMPLETION,0,0,Baseline,2025-07-24 01:14:55.000
BLOCKCHAIN_SATELLITE_CONNECTION_OPEN,0,0,Baseline,2025-07-24 01:14:55.000
BTREE_INSERT_FLOW_CONTROL,0,0,Baseline,2025-07-24 01:14:55.000
PVS_PAGE_TRACKER_LOCK,0,0,Baseline,2025-07-24 01:14:55.000
WAIT_AELOB_PROCESS_SERIALIZER,0,0,Baseline,2025-07-24 01:14:55.000
WAIT_AETM_CALL_SERIALIZER,0,0,Baseline,2025-07-24 01:14:55.000
WAIT_VSM_ATTEST_LIBLOAD_SERIALIZER,0,0,Baseline,2025-07-24 01:14:55.000
PWAIT_EXTERNAL_SCRIPT_LANGMGMT_DIR_PERMS,0,0,Baseline,2025-07-24 01:14:55.000
PWAIT_EXTERNAL_SERVICE_HUB,0,0,Baseline,2025-07-24 01:14:55.000
PWAIT_EXTERNAL_SERVICE_SEND_MESSAGE,0,0,Baseline,2025-07-24 01:14:55.000
PREEMPTIVE_SHAREDMEM_FIND_ALLOCATE,0,0,Baseline,2025-07-24 01:14:55.000
PREEMPTIVE_SHAREDMEM_ATTACH,0,0,Baseline,2025-07-24 01:14:55.000
PREEMPTIVE_SHAREDMEM_DESTROY,0,0,Baseline,2025-07-24 01:14:55.000
PREEMPTIVE_SHAREDMEM_GET_GLOBAL_PARAMS,0,0,Baseline,2025-07-24 01:14:55.000
PREEMPTIVE_SHAREDMEM_ACK_RELEASE,0,0,Baseline,2025-07-24 01:14:55.000
PREEMPTIVE_SHAREDMEM_GET_DIST_COUNT,0,0,Baseline,2025-07-24 01:14:55.000
PREEMPTIVE_SHAREDMEM_FREE_REGION,0,0,Baseline,2025-07-24 01:14:55.000
PREEMPTIVE_SHAREDMEM_CHECK_REGION_READY,0,0,Baseline,2025-07-24 01:14:55.000
PREEMPTIVE_SHAREDMEM_RELEASE_BUFFER,0,0,Baseline,2025-07-24 01:14:55.000
POLYBASE_SHAREDMEM_TASK_FINISH,0,0,Baseline,2025-07-24 01:14:55.000
WAITFOR_ALLOC_REF_COUNT_TO_ZERO,0,0,Baseline,2025-07-24 01:14:55.000
DPT_PARTITION_LOCK,0,0,Baseline,2025-07-24 01:14:55.000
PVS_PREALLOCATE,1,0,Baseline,2025-07-24 01:14:55.000
POPULATE_LOCK_ORDINALS,1,0,Baseline,2025-07-24 01:14:55.000
TOAD_PRODUCER,0,0,Baseline,2025-07-24 01:14:55.000
IMPPROV_IOWAIT_EXT,0,0,Baseline,2025-07-24 01:14:55.000
IMPPROV_IOWAIT_EXT_CLOSE,0,0,Baseline,2025-07-24 01:14:55.000
RBIO_WAIT_FOR_PAGE_SERVER,0,0,Baseline,2025-07-24 01:14:55.000
ACTIVATE_SF_CODEPACKAGE,0,0,Baseline,2025-07-24 01:14:55.000
BDC_CONTROLLER_HTTP_SEND,0,0,Baseline,2025-07-24 01:14:55.000
BDC_CONTROLLER_READ_SECRETS,0,0,Baseline,2025-07-24 01:14:55.000
HADR_SEEDING_READY_FOR_RESTORE_STREAM,0,0,Baseline,2025-07-24 01:14:55.000
SHRINK_CLEANER_SYNC,0,0,Baseline,2025-07-24 01:14:55.000
TOAD_FUTURE,0,0,Baseline,2025-07-24 01:14:55.000
TOAD_QUEUE,0,0,Baseline,2025-07-24 01:14:55.000
XFILE_DISPATCH,0,0,Baseline,2025-07-24 01:14:55.000
XFILE_OBJECT_POOL,0,0,Baseline,2025-07-24 01:14:55.000
BLOB_LIST_RWLOCK,0,0,Baseline,2025-07-24 01:14:55.000
WAIT_LCKMGR,0,0,Baseline,2025-07-24 01:14:55.000
PREEMPTIVE_XCS_THRIFT,0,0,Baseline,2025-07-24 01:14:55.000
PREEMPTIVE_XCS_SNAPPY,0,0,Baseline,2025-07-24 01:14:55.000
COLLECTOR_VIEW_LIST,0,0,Baseline,2025-07-24 01:14:55.000
WAIT_TRANSPORT,0,0,Baseline,2025-07-24 01:14:55.000
WAIT_AE_INITIALIZED,0,0,Baseline,2025-07-24 01:14:55.000
DIRTY_PAGE_THROTTLING,0,0,Baseline,2025-07-24 01:14:55.000
THROTTLE_LOG_RATE_LOG_STORAGE,0,0,Baseline,2025-07-24 01:14:55.000
HADR_THROTTLE_REFRESH_MAX_SIZE,0,0,Baseline,2025-07-24 01:14:55.000
WAIT_PHYSICAL_CATALOG,0,0,Baseline,2025-07-24 01:14:55.000
RG_SERVER_CONFIGS,0,0,Baseline,2025-07-24 01:14:55.000
NATIVE_SHUFFLE_OPEN_HANDLE,0,0,Baseline,2025-07-24 01:14:55.000
SBS_CONTEXT,0,0,Baseline,2025-07-24 01:14:55.000
SBS_LRU_EVICTION,0,0,Baseline,2025-07-24 01:14:55.000
XFILE_CACHE_XACT,0,0,Baseline,2025-07-24 01:14:55.000
XFILE_TASK_PROXY_ABORT,0,0,Baseline,2025-07-24 01:14:55.000
STRIPE_META_UPDATE,0,0,Baseline,2025-07-24 01:14:55.000
SP_RESOLVE_DEFERRED,0,0,Baseline,2025-07-24 01:14:55.000
BACKUP_LOG_IO_STALL,0,0,Baseline,2025-07-24 01:14:55.000
WAIT_AETM_ENCLAVE_WORKER_SLEEP,0,0,Baseline,2025-07-24 01:14:55.000
WAIT_AETM_HOST_WORKER_SLEEP,0,0,Baseline,2025-07-24 01:14:55.000
WAIT_AETM_CRITICAL_SECTION,0,0,Baseline,2025-07-24 01:14:55.000
XLOG_TOSFILE_GET_ITER_PROXY,0,0,Baseline,2025-07-24 01:14:55.000
RG_MANAGER_VHD_GROWTH,0,0,Baseline,2025-07-24 01:14:55.000
BLOB_LIST_LIMIT_IO_REQUESTS,0,0,Baseline,2025-07-24 01:14:55.000
FCB_DISKSPACE_COUNTERS_RWLOCK,0,0,Baseline,2025-07-24 01:14:55.000
XLOG_EOL_REQUEST_NOTIFICATION,0,0,Baseline,2025-07-24 01:14:55.000
LSN_LOC_MAP_LOCK,0,0,Baseline,2025-07-24 01:14:55.000
BDC_CACHE_TABLE_CREATION,0,0,Baseline,2025-07-24 01:14:55.000
WAIT_FULLTEXT_CRAWL_MANAGER,0,0,Baseline,2025-07-24 01:14:55.000
TOAD_DISCOVERY,0,0,Baseline,2025-07-24 01:14:55.000
TOAD_RESOURCE_SEMAPHORE,0,0,Baseline,2025-07-24 01:14:55.000
INDEX_BUILD_BUCKETIZATION_BARRIER,0,0,Baseline,2025-07-24 01:14:55.000
INDEX_BUILD_BUCKETIZATION_INFO_SYNC,0,0,Baseline,2025-07-24 01:14:55.000
INDEX_BUILD_BUCKETIZATION_INFO_MAP_SYNC,0,0,Baseline,2025-07-24 01:14:55.000
PARQUET_INDEX_BUILD_MANIFEST_SYNC,0,0,Baseline,2025-07-24 01:14:55.000
CONNECTION_MGR,0,0,Baseline,2025-07-24 01:14:55.000
XLOG_LC_SEEDING_VDL_ADVANCE,0,0,Baseline,2025-07-24 01:14:55.000
XLOG_LC_FWD_SEEDING,0,0,Baseline,2025-07-24 01:14:55.000
XLOG_LC_REVERSE_SEEDING,0,0,Baseline,2025-07-24 01:14:55.000
PWAIT_PREEMPTIVE_OS_CRYPTOPENSTORAGEPROVIDER,0,0,Baseline,2025-07-24 01:14:55.000
PWAIT_PREEMPTIVE_OS_VSMATTESTATIONSERVICE,0,0,Baseline,2025-07-24 01:14:55.000
PWAIT_PREEMPTIVE_OS_AUTHENTICATEDWEBCALL,0,0,Baseline,2025-07-24 01:14:55.000
PWAIT_PREEMPTIVE_OS_AUTHENTICATIONTOKEN,0,0,Baseline,2025-07-24 01:14:55.000
PRU_PAGE_LSN_CACHE_LOCK,0,0,Baseline,2025-07-24 01:14:55.000
PREEMPTIVE_COSMOSDB,0,0,Baseline,2025-07-24 01:14:55.000
COSMOSDB_INIT_MUTEX,0,0,Baseline,2025-07-24 01:14:55.000
PARALLEL_BPOOL_DEALLOCATION_WORKER,0,0,Baseline,2025-07-24 01:14:55.000
PREEMPTIVE_PREDICT_API,0,0,Baseline,2025-07-24 01:14:55.000
LEDGER_TRUNCATION,0,0,Baseline,2025-07-24 01:14:55.000
LEDGER_BLOCK_GENERATION,0,0,Baseline,2025-07-24 01:14:55.000
SESSION_MGR,0,0,Baseline,2025-07-24 01:14:55.000
EXECUTED_REQ_TABLE_STATE_RWLOCK,0,0,Baseline,2025-07-24 01:14:55.000
PWAIT_VLDB_PLANNED_FAILOVER_START_THROTTLING,0,0,Baseline,2025-07-24 01:14:55.000
PWAIT_VLDB_PLANNED_FAILOVER_STOP_THROTTLING,0,0,Baseline,2025-07-24 01:14:55.000
PWAIT_VLDB_PLANNED_FAILOVER_FORWARDER_THROTTLING,0,0,Baseline,2025-07-24 01:14:55.000
WAIT_RM_RBIOCONNECTION_INIT,0,0,Baseline,2025-07-24 01:14:55.000
PREEMPTIVE_SNI_SOCKET_BIND,2,0,Baseline,2025-07-24 01:14:55.000
PREEMPTIVE_SNI_SOCKET_LISTEN,2,0,Baseline,2025-07-24 01:14:55.000
START_BACKGROUND_TASK_MUTEX,0,0,Baseline,2025-07-24 01:14:55.000
TELEMETRY_SNAP,0,0,Baseline,2025-07-24 01:14:55.000
WAIT_TSQL_TASK,0,0,Baseline,2025-07-24 01:14:55.000
WAIT_GLM_CONTROLLER,0,0,Baseline,2025-07-24 01:14:55.000
WAIT_GLM_SYNC_CLIENT,0,0,Baseline,2025-07-24 01:14:55.000
WAIT_GLM_DB,0,0,Baseline,2025-07-24 01:14:55.000
PWAIT_TOAD_TUNING_ZONE,0,0,Baseline,2025-07-24 01:14:55.000
PWAIT_TOAD_DELTA_FORCE_ZONE,0,0,Baseline,2025-07-24 01:14:55.000
PWAIT_TOAD_STAR_CELL_ZONE,0,0,Baseline,2025-07-24 01:14:55.000
FULL_BACKUP_SELF_THROTTLING,0,0,Baseline,2025-07-24 01:14:55.000
WAIT_GLM_DEK_LIST,0,0,Baseline,2025-07-24 01:14:55.000
RBIO_RG_MIGRATION_TARGET,0,0,Baseline,2025-07-24 01:14:55.000
MULTITHREADED_VERSION_CLEANUP_WAIT_WORK,0,0,Baseline,2025-07-24 01:14:55.000
CDC_SCHEDULERCACHE_ACCESS,0,0,Baseline,2025-07-24 01:14:55.000
CDC_THROTTLE_LOG_RATE_LOG_SIZE,0,0,Baseline,2025-07-24 01:14:55.000
DIFF_BACKUP_SELF_THROTTLING,0,0,Baseline,2025-07-24 01:14:55.000
DTCNEW_DWSHELLDB_PROPERTIES,0,0,Baseline,2025-07-24 01:14:55.000
POLARIS_TSQL_TASK,0,0,Baseline,2025-07-24 01:14:55.000
PWAIT_TOAD_CELL_ZONE,0,0,Baseline,2025-07-24 01:14:55.000
PWAIT_TOAD_OCCI_ZONE,0,0,Baseline,2025-07-24 01:14:55.000
WAIT_VLF_IO_TRACKER_DRAIN_IO,0,0,Baseline,2025-07-24 01:14:55.000
WAIT_LOG_REPLICA_MGR_HASH_LOCK,0,0,Baseline,2025-07-24 01:14:55.000
WAIT_LOG_REPLICA_WRITE_LEASE_PROPERTY_HASH_LOCK,0,0,Baseline,2025-07-24 01:14:55.000
WAIT_LOG_REPLICA_ROLE_STABILITY_LOCK,0,0,Baseline,2025-07-24 01:14:55.000
WAIT_XLOG_REPLICA_BG_TASK_LOCK,0,0,Baseline,2025-07-24 01:14:55.000
BUFFERPOOL_SCAN,0,0,Baseline,2025-07-24 01:14:55.000
PWAIT_RBIO_IC_ACQUIRE_PAYLOAD,0,0,Baseline,2025-07-24 01:14:55.000
ORDLOCK_POPULATE_SYNC,0,0,Baseline,2025-07-24 01:14:55.000
WAIT_GC_IO_COMPLETION,0,0,Baseline,2025-07-24 01:14:55.000
WAIT_DELTA_CACHE,0,0,Baseline,2025-07-24 01:14:55.000
RBPEX_WRITEBEHIND_DB_STATE,0,0,Baseline,2025-07-24 01:14:55.000
RBPEX_CREATESNAPSHOT_RETRY,0,0,Baseline,2025-07-24 01:14:55.000
PREEMPTIVE_OS_PDH_WMI_QUERY,0,0,Baseline,2025-07-24 01:14:55.000
WAIT_FOR_MS_POLL,0,0,Baseline,2025-07-24 01:14:55.000
WAIT_AE_KEYADD,0,0,Baseline,2025-07-24 01:14:55.000
PWAIT_PS_RBPEX_HOT_PAGES_RWLOCK,0,0,Baseline,2025-07-24 01:14:55.000
WAIT_INDEXSTORE_COMPUTE_PARTITION_BUCKETS,0,0,Baseline,2025-07-24 01:14:55.000
WAIT_INDEXSTORE_LIMIT_REQUESTS,0,0,Baseline,2025-07-24 01:14:55.000
EXTERNAL_GOVERNANCE_POLICY_UPDATE,0,0,Baseline,2025-07-24 01:14:55.000
PWAIT_SYNAPSE_LINK_COMMIT,0,0,Baseline,2025-07-24 01:14:55.000
PWAIT_SYNAPSE_LINK_PUBLISH,0,0,Baseline,2025-07-24 01:14:55.000
PWAIT_SYNAPSE_LINK_CAPTURE,0,0,Baseline,2025-07-24 01:14:55.000
PWAIT_SYNAPSE_LINK_DATA_EXPORT_SESSION,0,0,Baseline,2025-07-24 01:14:55.000
PWAIT_SYNAPSE_LINK_UPDATE_TABLE_STATUS,0,0,Baseline,2025-07-24 01:14:55.000
PWAIT_SYNAPSE_LINK_POPULATE_METADATA,0,0,Baseline,2025-07-24 01:14:55.000
PWAIT_SYNAPSE_LINK_DB_CLEANUP,0,0,Baseline,2025-07-24 01:14:55.000
PWAIT_SYNAPSE_LINK_GET_CURRENT_DB_LSN,0,0,Baseline,2025-07-24 01:14:55.000
"PWAIT_SYNAPSE_LINK_GET_TABLE_HASHTABLE,",0,0,Baseline,2025-07-24 01:14:55.000
"PWAIT_SYNAPSE_LINK_GET_DB_LIST,",0,0,Baseline,2025-07-24 01:14:55.000
PWAIT_FIDO_INDEXSTORE_CONNECTIONS_MANAGER_HASHTABLE,0,0,Baseline,2025-07-24 01:14:55.000
PREEMPTIVE_SYNAPSESTREAMING_HTTP_EVENT_WAIT,0,0,Baseline,2025-07-24 01:14:55.000
PREEMPTIVE_AAD_HTTP_EVENT_WAIT,0,0,Baseline,2025-07-24 01:14:55.000
RBPEXSHRINKTASK_SHUTDOWN,0,0,Baseline,2025-07-24 01:14:55.000
SLEEP_RBPEXSHRINKTASK,0,0,Baseline,2025-07-24 01:14:55.000
PWAIT_FCS_MD_READ_AHEAD,0,0,Baseline,2025-07-24 01:14:55.000
ROW_GROUP_POPULATION,0,0,Baseline,2025-07-24 01:14:55.000
SEEDING_SELF_THROTTLING,0,0,Baseline,2025-07-24 01:14:55.000
PREEMPTIVE_SERVICE_CONTROL_MANGER,4,1,Baseline,2025-07-24 01:14:55.000
TOAD_DELETEBITMAP_ZONE,0,0,Baseline,2025-07-24 01:14:55.000
TOAD_AUTOSTATISTICS_ZONE,0,0,Baseline,2025-07-24 01:14:55.000
TOAD_SHUTDOWN,0,0,Baseline,2025-07-24 01:14:55.000
PARALLEL_DB_SEEDING_SEMAPHORE,0,0,Baseline,2025-07-24 01:14:55.000
FIDO_CLIENT_STARTUP,0,0,Baseline,2025-07-24 01:14:55.000
HTTP_EXTERNAL_CONNECTION,0,0,Baseline,2025-07-24 01:14:55.000
PREEMPTIVE_OS_GETQUEUEDCOMPLETIONSTATUS,0,0,Baseline,2025-07-24 01:14:55.000
WAIT_FIDO_GLMS_ASYNC_WORKER,0,0,Baseline,2025-07-24 01:14:55.000
WAIT_FIDO_GLMS_UT,0,0,Baseline,2025-07-24 01:14:55.000
EXTERNAL_GOVERNANCE_PULL_TASK,0,0,Baseline,2025-07-24 01:14:55.000
FIDO_AUTOSTATISTICS_TASK,0,0,Baseline,2025-07-24 01:14:55.000
VLDB_SNAPSHOT_MUTEX,0,0,Baseline,2025-07-24 01:14:55.000
RBPEX_CHANGE_FILE_SIZE_MUTEX,0,0,Baseline,2025-07-24 01:14:55.000
DIRECTORY_CONTENT_LIST_CLERK,0,0,Baseline,2025-07-24 01:14:55.000
PWAIT_SYNAPSE_LINK_END_HISTORY_SESSION,0,0,Baseline,2025-07-24 01:14:55.000
PWAIT_SYNAPSE_LINK_LZN_API_CALL,0,0,Baseline,2025-07-24 01:14:55.000
PWAIT_SYNAPSE_LINK_MEM_CAP_THROTTLE,0,0,Baseline,2025-07-24 01:14:55.000
PWAIT_SYNAPSE_LINK_PUBLISHER_DONE,0,0,Baseline,2025-07-24 01:14:55.000
CORRUPTED_PAGE_PROCESS,0,0,Baseline,2025-07-24 01:14:55.000
HTTP_EXTERNAL_CONNECTION_ALLOW_LIST,0,0,Baseline,2025-07-24 01:14:55.000
WAIT_EXTERNAL_GOVERNANCE_POLICY_PROVIDER,0,0,Baseline,2025-07-24 01:14:55.000
SYNAPSELINK_CAPTURE_JOBTASK_ACCESS,0,0,Baseline,2025-07-24 01:14:55.000
SYNAPSELINK_PUBLISH_JOBTASK_ACCESS,0,0,Baseline,2025-07-24 01:14:55.000
SYNAPSELINK_COMMIT_JOBTASK_ACCESS,0,0,Baseline,2025-07-24 01:14:55.000
SYNAPSELINK_SNAPSHOT_JOBTASK_ACCESS,0,0,Baseline,2025-07-24 01:14:55.000
SYNAPSELINK_FAILBATCH_ACCESS,0,0,Baseline,2025-07-24 01:14:55.000
WAIT_SYNC_LAG_PARTNERS_LIST,0,0,Baseline,2025-07-24 01:14:55.000
HTTP_EXTERNAL_CONNECTION_IPV4_BLOCK_LIST,0,0,Baseline,2025-07-24 01:14:55.000
XE_PREDICATE_HEAP_ALLOC,0,0,Baseline,2025-07-24 01:14:55.000
XE_PREDICATE_HEAP_FREE,0,0,Baseline,2025-07-24 01:14:55.000
XE_SQL_TEXT_HEAP_ALLOC,2,11,Baseline,2025-07-24 01:14:55.000
XE_SQL_TEXT_HEAP_FREE,2,2,Baseline,2025-07-24 01:14:55.000
XE_SQL_TEXT_PREDICATE,0,0,Baseline,2025-07-24 01:14:55.000
ARC_IMDS_RESOURCE_INFO,0,0,Baseline,2025-07-24 01:14:55.000
MANAGED_DISKS_CONFIGURATION,0,0,Baseline,2025-07-24 01:14:55.000
PWAIT_S3_TEMP_CREDENTIAL,0,0,Baseline,2025-07-24 01:14:55.000
WAIT_DW_TX_EXTERNALIZATION_IO_COMPLETION,0,0,Baseline,2025-07-24 01:14:55.000
XE_RING_TARGET_MUTEX,0,0,Baseline,2025-07-24 01:14:55.000
XE_LIVE_TARGET_MUTEX,0,0,Baseline,2025-07-24 01:14:55.000
"EXTERNAL_GOVERNANCE_ATTR_SYNC_BACKGROUND ",0,0,Baseline,2025-07-24 01:14:55.000
"EDC_DOPP_LOCK ",0,0,Baseline,2025-07-24 01:14:55.000
"EDC_DOPP_BACKGROUND ",0,0,Baseline,2025-07-24 01:14:55.000
"SQP_STATS_REPORTING ",0,0,Baseline,2025-07-24 01:14:55.000
WAIT_RBPEX_WRITEBEHIND_CKPT_CONSISTENCY_LOCK,0,0,Baseline,2025-07-24 01:14:55.000
WAIT_EXTERNAL_GOVERNANCE_POLICY_SESSION_AUDIT,0,0,Baseline,2025-07-24 01:14:55.000
WAIT_EXTERNAL_GOVERNANCE_POLICY_SESSIONS_AUDIT,0,0,Baseline,2025-07-24 01:14:55.000
PURVIEW_POLICY_SDK_PREEMPTIVE_SCHEDULING,1,0,Baseline,2025-07-24 01:14:55.000
DW_WS_DB_LIST,0,0,Baseline,2025-07-24 01:14:55.000
DW_DB,0,0,Baseline,2025-07-24 01:14:55.000
WAIT_EXTERNAL_GOVERNANCE_POLICY_AAD_GROUP_INFO,0,0,Baseline,2025-07-24 01:14:55.000
CDC_SCAN_FINISHED,0,0,Baseline,2025-07-24 01:14:55.000
WAIT_EXTERNAL_GOVERNANCE_PERMCACHE_RESOURCELOCK,0,0,Baseline,2025-07-24 01:14:55.000
WAIT_EXTERNAL_GOVERNANCE_PERMCACHE_DECISIONLOCK,0,0,Baseline,2025-07-24 01:14:55.000
HTTP_EXTERNAL_CONNECTION_IPV6_BLOCK_LIST,0,0,Baseline,2025-07-24 01:14:55.000
COLUMNSTORE_TRANSCODER_CREATE,0,0,Baseline,2025-07-24 01:14:55.000
TRIDENT_ONELAKE_ENDPOINT,0,0,Baseline,2025-07-24 01:14:55.000
NOTIFY_COMPUTE_PAGESERVER_SHUTDOWN,0,0,Baseline,2025-07-24 01:14:55.000
CDC_CLEANUP_FINISHED,0,0,Baseline,2025-07-24 01:14:55.000
